red,green,blue,label
710.28,675.33,630.55,ripe
691.39,659.01,646.43,ripe
672.84,673.24,708.81,ripe
778.34,643.31,644.30,ripe
694.93,640.96,623.57,ripe
707.37,599.28,593.10,ripe
718.68,620.01,581.37,ripe
697.76,629.12,588.06,ripe
715.53,550.26,475.48,ripe
650.25,407.85,428.90,ripe
661.97,447.75,522.81,ripe
661.37,488.03,483.11,ripe
613.45,502.58,498.52,ripe
658.61,515.04,459.52,ripe
658.98,496.40,481.89,ripe
661.41,512.51,442.71,ripe
578.44,518.75,542.07,ripe
643.84,597.96,583.95,ripe
628.44,424.77,415.12,ripe
621.78,432.34,464.47,ripe
714.36,593.83,734.35,ripe
779.54,836.58,741.14,ripe
739.16,668.64,723.69,ripe
752.50,767.50,778.77,ripe
840.47,751.12,622.74,ripe
892.04,796.50,838.53,ripe
905.57,883.80,918.47,ripe
938.41,964.98,936.28,ripe
968.26,888.77,874.50,ripe
957.24,939.31,945.04,ripe
964.62,957.45,951.40,ripe
615.80,694.97,772.37,ripe
884.87,766.23,595.03,ripe
583.63,586.56,689.48,ripe
704.51,544.70,504.74,ripe
720.26,542.39,436.05,ripe
849.15,814.27,575.40,ripe
678.22,499.37,649.00,ripe
672.55,587.47,803.46,ripe
769.71,717.20,659.73,ripe
790.20,753.30,755.13,ripe
801.98,754.39,747.84,ripe
824.03,787.83,795.55,ripe
824.68,667.18,643.45,ripe
814.12,783.25,844.11,ripe
894.90,828.77,752.91,ripe
825.00,760.94,781.74,ripe
850.97,834.36,844.77,ripe
853.82,797.20,795.26,ripe
834.43,784.44,813.90,ripe
855.62,837.62,834.46,ripe
850.09,829.87,828.55,ripe
848.00,833.29,825.40,ripe
844.99,824.17,823.12,ripe
845.61,824.16,823.63,ripe
842.64,810.71,793.35,ripe
827.62,807.25,800.24,ripe
828.16,806.36,789.64,ripe
836.43,792.45,786.19,ripe
842.08,770.68,758.20,ripe
818.96,746.21,741.46,ripe
818.14,770.69,781.73,ripe
812.61,722.48,780.69,ripe
854.87,826.83,801.81,ripe
802.97,761.18,851.72,ripe
881.41,847.96,840.10,ripe
625.88,658.77,695.16,unripe
737.94,698.65,719.91,unripe
760.47,722.30,759.96,unripe
800.35,775.21,759.31,unripe
810.02,766.90,768.58,unripe
805.37,774.44,764.22,unripe
808.82,781.36,775.53,unripe
814.63,770.01,773.64,unripe
813.65,782.99,778.96,unripe
814.32,783.09,779.59,unripe
809.94,828.31,886.40,unripe
889.33,864.25,863.65,unripe
885.31,843.13,851.39,unripe
883.41,874.65,884.05,unripe
919.27,917.87,905.87,unripe
923.82,910.83,903.92,unripe
898.95,874.29,824.16,unripe
769.56,673.00,682.58,unripe
793.14,887.61,883.04,unripe
898.89,858.45,851.48,unripe
880.58,844.94,869.46,unripe
936.07,903.82,902.15,unripe
958.10,933.91,931.80,unripe
944.95,889.76,805.92,unripe
895.00,906.12,903.41,unripe
932.37,903.61,883.76,unripe
904.64,888.11,874.58,unripe
849.65,684.48,530.22,unripe
640.09,578.21,541.01,unripe
752.98,551.32,525.72,unripe
759.89,635.36,629.30,unripe
793.00,659.40,676.10,unripe
822.81,739.59,711.17,unripe
835.68,746.15,718.41,unripe
838.88,720.24,687.35,unripe
847.15,698.58,600.60,unripe
703.46,581.74,526.73,unripe
706.82,572.32,539.87,unripe
645.97,557.90,527.97,unripe
708.67,583.19,535.64,unripe
704.25,598.00,552.78,unripe
709.79,602.26,594.88,unripe
760.79,573.02,598.01,unripe
721.26,631.62,626.46,unripe
715.60,591.65,550.04,unripe
693.21,621.48,621.10,unripe
863.88,850.09,856.52,unripe
843.26,834.86,846.60,unripe
869.19,846.58,825.95,unripe
888.28,763.51,707.65,unripe
736.53,578.67,570.06,unripe
703.86,668.33,694.31,unripe
789.24,637.03,658.34,unripe
745.33,686.46,811.28,unripe
870.65,813.05,848.81,unripe
856.62,732.91,744.31,unripe
774.39,771.57,777.17,unripe
821.51,819.09,791.97,unripe
825.46,838.74,853.36,unripe
860.49,852.27,747.18,unripe
661.17,589.81,583.90,unripe
656.23,589.32,572.42,unripe
637.20,612.71,653.54,unripe
832.93,798.68,802.33,unripe
820.04,773.85,764.92,unripe
720.43,650.86,636.00,ripe
784.90,591.12,586.50,ripe
711.12,591.78,595.82,ripe
705.29,600.84,586.36,ripe
709.42,597.91,594.83,ripe
702.05,611.23,594.53,ripe
705.63,597.36,588.02,ripe
707.47,591.42,578.16,ripe
708.60,595.17,577.30,ripe
656.45,565.11,565.23,ripe
666.12,555.05,549.12,ripe
702.97,609.50,600.82,ripe
716.05,593.14,640.27,ripe
696.61,356.23,482.57,ripe
700.02,531.36,511.78,ripe
730.44,595.96,577.84,ripe
740.17,575.61,566.25,ripe
740.33,585.83,566.62,ripe
730.92,571.93,558.40,ripe
732.15,575.13,564.38,ripe
733.71,570.47,556.00,ripe
724.47,562.54,560.79,ripe
643.50,578.20,571.80,ripe
650.80,584.00,581.30,ripe
657.10,586.50,578.40,ripe
654.30,577.30,573.30,ripe
657.00,591.00,586.40,ripe
672.40,604.40,591.20,ripe
673.90,588.90,587.00,ripe
676.50,601.30,599.60,ripe
686.80,614.60,611.50,ripe
683.40,598.60,595.00,ripe
680.00,607.00,603.30,ripe
685.70,611.40,606.60,ripe
688.40,613.50,610.00,ripe
682.70,593.20,589.40,ripe
678.90,590.80,582.30,ripe
671.50,576.30,554.90,ripe
637.50,550.00,544.00,ripe
630.70,563.40,556.20,ripe
645.10,571.40,563.60,ripe
645.00,565.50,558.00,ripe
647.00,566.40,561.30,ripe
652.10,569.00,559.20,ripe
651.20,568.90,561.50,ripe
650.20,567.70,562.80,ripe
655.70,572.80,564.90,ripe
655.10,572.80,565.90,ripe
653.70,572.00,563.80,ripe
652.50,569.20,559.40,ripe
648.80,565.50,555.50,ripe
643.10,556.50,546.70,ripe
644.90,555.10,545.30,ripe
642.50,540.00,527.80,ripe
639.00,529.80,515.10,ripe
622.60,514.90,506.50,ripe
623.00,520.20,511.10,ripe
620.20,518.80,508.90,ripe
622.70,517.60,514.20,ripe
629.00,530.90,522.90,ripe
637.00,530.20,522.40,ripe
635.10,533.20,522.80,ripe
624.90,529.80,522.70,ripe
632.60,529.90,519.70,ripe
634.70,532.00,521.10,ripe
635.10,527.50,517.90,ripe
637.70,533.20,524.40,ripe
644.40,537.60,529.50,ripe
646.20,548.20,540.40,ripe
654.20,549.60,538.00,ripe
649.20,546.30,537.50,ripe
650.80,545.80,540.20,ripe
650.60,547.10,539.20,ripe
655.00,548.20,539.80,ripe
654.30,551.00,544.20,ripe
655.70,554.50,549.40,ripe
658.60,552.40,538.00,ripe
641.90,539.40,530.40,ripe
642.30,539.90,530.90,ripe
641.00,539.50,529.90,ripe
634.80,525.20,529.20,ripe
623.90,513.70,534.90,ripe
655.90,537.40,515.90,ripe
629.00,525.10,516.70,ripe
635.30,532.10,527.50,ripe
642.60,537.40,526.60,ripe
641.00,535.70,524.00,ripe
632.40,527.80,522.90,ripe
634.20,534.40,527.10,ripe
633.70,537.30,529.90,ripe
634.10,536.00,529.60,ripe
635.50,537.00,526.90,ripe
636.20,540.20,531.00,ripe
637.60,537.50,529.30,ripe
635.20,535.40,525.70,ripe
639.70,536.20,529.00,ripe
641.60,540.80,533.40,ripe
643.20,542.40,533.70,ripe
646.90,546.40,539.40,ripe
652.30,550.20,534.30,ripe
648.50,545.00,535.90,ripe
654.00,548.50,538.00,ripe
652.80,547.70,541.20,ripe
659.60,560.00,554.10,ripe
662.70,564.80,554.60,ripe
662.70,562.00,552.60,ripe
662.40,561.70,551.80,ripe
660.70,564.30,556.30,ripe
661.60,571.90,558.50,ripe
666.70,566.00,537.20,ripe
616.60,528.00,523.30,ripe
624.50,535.20,528.00,ripe
627.80,533.10,523.40,ripe
625.20,531.20,524.20,ripe
631.40,537.40,528.70,ripe
633.30,540.10,531.80,ripe
681.70,619.20,611.60,ripe
671.30,601.30,585.10,ripe
674.10,587.80,581.10,ripe
664.40,593.50,588.70,ripe
665.50,596.80,599.80,ripe
651.90,614.50,595.20,ripe
664.00,601.30,588.00,ripe
674.10,572.10,556.70,ripe
670.70,553.70,546.10,ripe
677.00,564.90,552.70,ripe
674.00,560.40,546.80,ripe
674.40,561.60,551.80,ripe
677.10,567.90,555.40,ripe
678.10,563.70,549.20,ripe
675.10,561.60,551.00,ripe
670.20,565.20,551.90,ripe
668.10,566.80,557.20,ripe
670.20,569.90,560.00,ripe
669.70,575.00,567.30,ripe
673.70,570.80,563.90,ripe
675.30,577.80,571.00,ripe
671.90,579.10,567.90,ripe
664.00,573.40,566.70,ripe
654.30,571.50,563.40,ripe
654.80,569.10,559.60,ripe
652.70,564.40,555.90,ripe
657.60,571.20,562.70,ripe
658.00,574.10,565.40,ripe
665.00,577.30,569.50,ripe
671.00,576.50,564.40,ripe
664.50,577.10,567.40,ripe
661.00,576.30,566.20,ripe
661.80,573.70,565.60,ripe
661.90,573.40,564.90,ripe
661.00,573.30,563.80,ripe
661.70,569.60,546.40,ripe
649.80,558.80,548.00,ripe
638.50,546.30,536.70,ripe
643.20,566.00,561.40,ripe
655.40,574.40,565.40,ripe
655.00,574.00,571.00,ripe
650.70,579.00,569.40,ripe
643.70,564.80,558.40,ripe
645.10,576.40,573.40,ripe
648.90,580.20,568.10,ripe
653.00,566.90,557.50,ripe
649.50,564.50,555.90,ripe
648.60,565.30,556.80,ripe
648.00,565.80,557.60,ripe
646.80,569.60,560.20,ripe
643.30,566.70,558.80,ripe
638.80,563.60,561.30,ripe
639.80,575.20,567.70,ripe
640.30,577.20,568.30,ripe
640.10,573.00,566.30,ripe
640.90,575.70,568.70,ripe
638.90,569.30,562.00,ripe
635.80,570.20,564.50,ripe
640.50,576.40,572.40,ripe
644.40,591.00,582.00,ripe
650.20,576.70,563.30,ripe
647.30,571.70,564.00,ripe
645.60,575.70,567.90,ripe
647.80,577.80,572.10,ripe
647.10,578.30,574.00,ripe
646.30,584.20,576.80,ripe
648.10,584.70,575.30,ripe
649.60,580.50,571.00,ripe
654.60,568.30,560.70,ripe
653.10,568.20,557.20,ripe
653.80,568.90,560.40,ripe
654.00,570.30,559.50,ripe
654.60,562.40,553.60,ripe
654.00,561.60,551.90,ripe
653.30,570.00,561.80,ripe
656.60,569.80,560.90,ripe
656.40,571.40,563.60,ripe
657.90,574.10,567.90,ripe
658.20,577.20,568.80,ripe
658.90,579.60,570.40,ripe
659.50,578.00,569.20,ripe
658.50,575.10,564.10,ripe
665.80,558.30,540.10,ripe
686.70,581.30,574.90,ripe
717.90,583.70,529.30,ripe
679.30,541.60,526.00,ripe
676.50,542.40,538.00,ripe
686.20,557.20,534.80,ripe
683.00,543.60,525.80,ripe
685.40,545.50,530.00,ripe
685.60,546.90,531.00,ripe
684.50,545.30,528.90,ripe
682.20,541.80,527.10,ripe
681.30,540.80,522.40,ripe
678.90,539.10,532.30,ripe
687.80,561.10,548.90,ripe
688.80,563.90,552.60,ripe
689.80,564.10,548.70,ripe
752.50,697.60,695.10,unripe
719.40,660.30,656.40,unripe
745.80,675.70,677.80,unripe
776.80,715.50,702.90,unripe
813.20,749.10,746.80,unripe
818.90,755.80,748.90,unripe
829.60,769.30,758.70,unripe
834.90,771.20,759.30,unripe
834.80,770.10,757.90,unripe
835.00,770.00,756.80,unripe
832.00,766.10,754.10,unripe
831.60,766.20,753.50,unripe
831.20,764.10,755.50,unripe
834.30,767.70,751.60,unripe
828.20,765.90,752.00,unripe
825.70,758.10,745.30,unripe
821.80,757.60,742.80,unripe
820.30,756.50,745.40,unripe
821.40,757.10,744.90,unripe
810.50,743.30,737.70,unripe
820.90,754.80,739.00,unripe
828.50,767.90,763.20,unripe
806.30,746.80,746.20,unripe
817.20,764.20,749.10,unripe
804.70,740.50,726.90,unripe
792.70,728.50,709.80,unripe
783.40,722.80,713.00,unripe
787.50,724.80,715.00,unripe
790.00,731.50,720.70,unripe
796.70,735.70,725.00,unripe
800.50,738.90,727.60,unripe
801.70,725.60,705.90,unripe
766.80,708.80,702.80,unripe
777.30,722.40,719.00,unripe
790.60,735.90,733.70,unripe
803.90,748.50,738.50,unripe
806.50,752.90,746.30,unripe
814.10,763.60,756.30,unripe
819.10,768.00,749.20,unripe
805.00,756.90,751.80,unripe
815.30,767.90,761.40,unripe
823.30,773.90,765.60,unripe
826.70,777.00,769.20,unripe
829.90,779.30,771.10,unripe
831.80,783.40,774.60,unripe
833.50,787.00,780.70,unripe
838.60,790.00,780.70,unripe
836.60,785.60,780.10,unripe
839.00,792.50,769.90,unripe
827.10,801.30,790.00,unripe
830.60,784.50,767.90,unripe
826.10,777.90,785.80,unripe
855.40,793.50,794.90,unripe
860.20,798.70,783.80,unripe
851.40,784.30,771.50,unripe
841.90,775.40,763.00,unripe
839.70,776.90,766.00,unripe
842.20,778.10,771.20,unripe
847.30,780.30,768.20,unripe
843.00,786.50,784.10,unripe
856.70,801.00,797.20,unripe
876.10,820.00,813.30,unripe
881.80,827.10,823.50,unripe
891.30,840.00,832.80,unripe
889.50,841.00,834.70,unripe
893.30,843.90,838.50,unripe
900.90,852.70,846.60,unripe
902.80,853.50,847.30,unripe
904.30,856.50,849.70,unripe
905.80,856.80,849.60,unripe
905.50,856.20,849.80,unripe
904.80,855.80,848.20,unripe
905.70,856.90,848.80,unripe
905.20,860.40,854.20,unripe
909.00,861.70,856.40,unripe
912.90,864.60,855.60,unripe
911.10,862.00,853.60,unripe
909.80,861.40,859.30,unripe
918.20,883.80,881.00,unripe
923.90,886.40,881.20,unripe
923.00,886.40,881.80,unripe
925.40,889.40,883.80,unripe
923.40,882.40,880.20,unripe
920.40,884.90,878.30,unripe
921.00,892.00,875.50,unripe
930.10,895.10,892.60,unripe
934.00,902.20,896.40,unripe
928.50,890.60,884.90,unripe
934.80,900.20,894.70,unripe
931.30,900.70,899.50,unripe
938.90,904.20,900.20,unripe
937.80,904.50,900.60,unripe
938.50,905.30,901.40,unripe
939.40,906.10,903.20,unripe
945.70,910.60,904.90,unripe
941.80,905.40,898.80,unripe
938.00,901.50,896.00,unripe
937.30,900.50,895.60,unripe
943.90,907.60,901.90,unripe
942.40,907.20,902.70,unripe
942.10,906.80,902.20,unripe
941.80,908.10,904.30,unripe
943.70,908.90,903.70,unripe
943.50,909.30,904.60,unripe
943.70,909.50,905.10,unripe
947.40,912.60,907.60,unripe
946.80,912.20,908.30,unripe
947.50,912.40,908.40,unripe
948.50,914.00,907.80,unripe
946.70,914.80,913.10,unripe
949.40,916.10,911.30,unripe
948.60,916.40,912.70,unripe
949.40,917.30,913.70,unripe
951.20,917.40,913.60,unripe
950.60,916.50,911.60,unripe
948.80,913.80,909.20,unripe
948.10,913.10,909.40,unripe
949.00,914.00,909.50,unripe
949.40,913.80,909.60,unripe
949.60,913.80,909.50,unripe
950.00,914.30,909.20,unripe
949.90,915.10,911.50,unripe
951.80,916.20,911.90,unripe
951.60,915.90,911.70,unripe
952.50,916.40,910.60,unripe
950.40,915.20,911.40,unripe
953.10,919.00,914.90,unripe
953.90,919.00,914.00,unripe
953.70,920.20,910.30,unripe
946.20,911.20,908.90,unripe
949.70,914.90,909.10,unripe
948.10,909.90,903.20,unripe
952.10,917.10,913.90,unripe
951.70,914.20,908.60,unripe
949.90,914.50,909.50,unripe
948.90,913.00,908.90,unripe
944.70,908.30,903.30,unripe
940.40,904.40,903.20,unripe
941.80,907.40,903.20,unripe
943.10,908.70,904.10,unripe
943.80,910.30,906.30,unripe
835.20,776.20,763.40,unripe
825.30,750.10,678.20,unripe
748.60,668.90,645.80,unripe
718.60,625.40,609.90,unripe
715.00,591.90,610.00,unripe
693.60,611.10,594.50,unripe
693.30,627.30,625.00,unripe
721.60,658.70,637.20,unripe
730.80,649.20,635.90,unripe
719.80,648.40,628.00,unripe
729.50,652.90,644.00,unripe
736.00,632.00,611.20,unripe
696.70,621.00,608.20,unripe
705.00,624.70,604.60,unripe
695.10,615.30,600.10,unripe
698.80,618.20,603.00,unripe
701.60,620.70,605.90,unripe
698.40,613.10,595.70,unripe
689.40,614.00,600.00,unripe
695.50,617.90,603.00,unripe
697.10,618.00,601.80,unripe
670.50,567.00,537.00,unripe
606.00,539.50,507.50,unripe
564.90,521.50,517.10,unripe
603.10,561.00,563.70,unripe
647.20,579.20,570.30,unripe
652.20,583.80,568.90,unripe
649.20,582.20,567.80,unripe
648.80,582.40,568.50,unripe
652.30,585.10,570.10,unripe
627.70,589.20,600.40,unripe
691.20,615.00,592.50,unripe
660.60,604.90,595.70,unripe
674.80,608.70,596.70,unripe
678.90,619.00,606.40,unripe
691.90,623.90,613.00,unripe
700.40,633.60,622.40,unripe
700.60,639.80,632.70,unripe
713.10,648.60,632.50,unripe
707.70,641.30,630.60,unripe
713.30,646.00,634.80,unripe
712.70,648.30,636.90,unripe
715.00,650.20,638.10,unripe
721.80,654.50,636.20,unripe
712.90,651.00,634.00,unripe
701.40,641.20,631.50,unripe
708.80,646.90,627.70,unripe
695.80,636.10,627.50,unripe
709.30,645.50,633.90,unripe
712.90,648.40,636.70,unripe
715.20,651.80,640.70,unripe
718.40,657.60,625.10,unripe
675.20,613.70,602.90,unripe
660.30,601.60,592.80,unripe
671.50,617.40,605.60,unripe
687.50,626.10,613.60,unripe
692.30,633.00,620.70,unripe
693.70,634.90,621.50,unripe
695.00,633.50,621.50,unripe
693.00,630.80,618.20,unripe
696.90,635.70,624.40,unripe
654.90,588.30,559.70,unripe
634.70,594.60,608.30,unripe
684.00,627.50,617.70,unripe
694.80,634.50,621.40,unripe
695.60,633.80,623.40,unripe
696.60,638.40,631.30,unripe
707.10,636.50,624.90,unripe
679.20,621.40,607.20,unripe
659.60,586.70,577.60,unripe
632.60,570.90,561.90,unripe
633.30,589.70,591.00,unripe
639.60,570.20,563.80,unripe
643.80,571.90,561.80,unripe
640.40,595.30,590.10,unripe
664.80,612.00,604.80,unripe
682.40,624.60,615.70,unripe
716.30,649.10,644.10,unripe
747.60,673.90,650.80,unripe
741.30,654.10,635.50,unripe
737.50,655.30,642.50,unripe
747.70,664.10,649.10,unripe
752.30,667.10,652.50,unripe
754.60,670.10,655.70,unripe
757.70,674.50,660.10,unripe
759.40,676.90,662.80,unripe
762.40,680.80,668.40,unripe
769.50,691.50,679.80,unripe
775.00,697.00,682.20,unripe
776.00,698.90,685.80,unripe
780.70,703.80,691.80,unripe
784.40,714.50,707.40,unripe
778.30,683.30,658.40,unripe
731.00,644.50,633.00,unripe
713.40,676.50,690.80,unripe
795.50,726.30,719.50,unripe
808.10,742.30,730.80,unripe
818.20,750.00,737.10,unripe
816.60,745.90,732.60,unripe
817.10,747.90,734.80,unripe
818.80,748.50,734.80,unripe
817.90,746.50,732.40,unripe
817.70,746.10,732.20,unripe
818.50,747.30,734.70,unripe
821.00,749.10,728.90,unripe
811.70,745.10,733.50,unripe
816.60,757.10,748.10,unripe
830.90,751.90,713.00,unripe
754.70,683.60,670.60,unripe
744.60,689.40,685.30,unripe
769.50,712.50,706.60,unripe
793.90,732.50,723.80,unripe
801.20,739.40,729.70,unripe
803.60,746.60,739.90,unripe
806.50,752.60,745.00,unripe
810.70,758.40,751.40,unripe
814.80,761.20,752.70,unripe
815.20,762.20,754.40,unripe
617.10,544.60,528.10,ripe
562.60,492.70,491.20,ripe
536.90,514.80,528.40,ripe
586.30,550.50,552.10,ripe
601.40,562.80,546.30,ripe
582.40,532.90,516.00,ripe
554.40,523.10,525.20,ripe
589.00,505.10,506.40,ripe
563.60,501.10,498.00,ripe
576.70,509.00,467.10,ripe
553.00,498.20,485.20,ripe
528.00,405.20,370.90,ripe
406.80,374.50,376.50,ripe
433.00,401.60,412.00,ripe
534.70,477.90,456.90,ripe
511.00,465.80,467.70,ripe
531.10,455.60,428.70,ripe
496.90,418.10,412.10,ripe
494.10,431.40,411.50,ripe
466.70,410.20,403.00,ripe
459.80,395.40,382.20,ripe
453.20,400.90,404.00,ripe
507.10,419.90,403.40,ripe
477.70,400.40,399.40,ripe
494.40,408.40,390.40,ripe
413.40,381.10,387.00,ripe
514.00,421.80,414.00,ripe
511.30,438.80,443.00,ripe
521.40,432.60,419.20,ripe
490.20,430.50,432.60,ripe
488.60,414.20,409.30,ripe
485.90,400.60,376.40,ripe
416.60,372.40,362.20,ripe
413.70,378.50,380.20,ripe
458.60,395.20,391.10,ripe
476.10,399.30,392.90,ripe
466.40,394.60,386.70,ripe
474.80,408.20,408.50,ripe
505.50,446.40,476.00,ripe
592.40,528.10,525.70,ripe
615.60,515.70,493.60,ripe
559.40,431.10,417.80,ripe
476.20,395.50,380.20,ripe
457.00,398.90,397.60,ripe
503.20,424.60,417.00,ripe
567.20,470.50,417.90,ripe
533.20,421.50,408.30,ripe
476.70,398.50,388.70,ripe
447.60,394.60,394.50,ripe
488.10,417.40,406.40,ripe
501.40,417.40,405.00,ripe
496.30,410.30,404.10,ripe
494.90,420.70,411.00,ripe
511.80,420.60,414.00,ripe
503.30,421.40,412.60,ripe
483.10,406.10,396.80,ripe
447.50,400.20,405.00,ripe
515.50,448.70,465.20,ripe
595.20,528.20,523.70,ripe
616.00,555.80,552.80,ripe
631.90,571.90,567.40,ripe
634.60,574.80,571.20,ripe
636.30,569.60,567.00,ripe
634.80,548.60,528.90,ripe
582.20,479.90,466.80,ripe
573.90,514.70,476.10,ripe
501.00,421.80,429.00,ripe
470.70,394.30,395.50,ripe
479.50,409.50,418.60,ripe
506.00,426.30,430.80,ripe
516.50,403.80,408.30,ripe
512.70,430.70,422.40,ripe
522.80,432.90,433.50,ripe
537.30,459.10,464.30,ripe
556.30,471.70,455.00,ripe
529.30,435.40,413.00,ripe
507.30,422.60,411.30,ripe
487.00,416.80,401.60,ripe
523.50,427.50,409.10,ripe
494.80,430.50,437.40,ripe
562.70,406.70,396.60,ripe
533.10,478.00,488.00,ripe
571.20,511.80,516.30,ripe
612.90,534.50,524.10,ripe
598.80,509.40,488.40,ripe
548.00,478.70,474.90,ripe
545.30,475.30,466.40,ripe
504.10,442.50,433.80,ripe
481.50,419.50,407.50,ripe
463.10,407.70,397.00,ripe
445.60,396.40,388.10,ripe
431.90,398.10,401.20,ripe
448.60,416.30,413.80,ripe
466.60,412.50,408.10,ripe
489.60,413.70,405.40,ripe
487.20,421.80,425.20,ripe
497.30,427.60,424.20,ripe
505.00,428.10,417.80,ripe
469.50,409.30,400.00,ripe
453.60,398.20,389.90,ripe
433.20,374.60,376.20,ripe
458.60,377.40,362.90,ripe
412.40,350.40,337.20,ripe
379.90,341.20,348.40,ripe
466.10,399.00,393.30,ripe
468.00,402.40,391.10,ripe
467.10,393.70,379.40,ripe
436.30,390.80,388.30,ripe
461.70,421.60,421.00,ripe
481.00,427.20,420.40,ripe
470.30,419.60,420.60,ripe
507.20,435.30,422.30,ripe
481.10,425.60,420.80,ripe
487.90,427.20,420.40,ripe
500.50,426.60,421.80,ripe
467.80,385.70,375.70,ripe
441.30,374.20,362.80,ripe
416.50,360.40,351.00,ripe
384.90,353.10,352.60,ripe
416.30,374.60,375.10,ripe
446.80,394.40,395.60,ripe
482.40,421.70,422.80,ripe
509.20,433.50,429.90,ripe
515.00,439.20,422.50,ripe
445.70,379.50,371.10,ripe
434.00,372.60,367.30,ripe
432.00,377.20,369.70,ripe
414.20,365.20,357.70,ripe
413.00,345.10,335.40,ripe
403.50,354.40,350.00,ripe
414.10,361.40,353.30,ripe
401.90,358.30,357.20,ripe
444.20,378.20,390.40,ripe
474.70,413.10,410.90,ripe
525.00,443.40,443.30,ripe
542.80,458.30,434.80,ripe
523.60,424.60,411.60,ripe
444.90,363.60,348.80,ripe
397.20,323.00,305.30,ripe
404.20,355.50,353.30,ripe
389.90,348.30,340.90,ripe
386.30,353.90,355.90,ripe
418.90,371.20,364.90,ripe
401.10,360.30,358.90,ripe
418.60,381.90,388.70,ripe
496.60,404.60,391.10,ripe
421.40,334.70,320.10,ripe
407.50,358.30,374.00,ripe
515.20,447.90,458.00,ripe
552.00,445.90,427.60,ripe
483.30,389.10,363.60,ripe
388.50,342.00,320.50,ripe
335.40,317.30,321.80,ripe
381.60,339.70,339.00,ripe
440.40,363.60,362.90,ripe
443.30,360.00,347.40,ripe
405.20,340.70,337.50,ripe
390.40,338.80,333.50,ripe
407.50,335.50,325.80,ripe
373.80,321.60,309.60,ripe
346.90,314.90,313.80,ripe
367.60,327.50,321.80,ripe
382.90,329.60,324.20,ripe
394.00,334.00,323.80,ripe
391.10,329.20,325.50,ripe
409.00,344.10,336.90,ripe
419.00,352.20,351.30,ripe
414.40,359.20,362.10,ripe
435.60,363.40,356.00,ripe
416.70,340.10,336.20,ripe
384.90,345.00,348.80,ripe
398.30,352.40,350.20,ripe
397.90,352.00,356.90,ripe
447.90,363.70,358.00,ripe
462.50,359.70,350.30,ripe
449.30,357.50,341.70,ripe
437.40,348.10,340.60,ripe
453.90,354.90,346.30,ripe
465.00,341.90,335.50,ripe
396.80,330.00,318.40,ripe
382.80,325.20,317.90,ripe
405.00,333.10,325.10,ripe
406.50,331.70,319.60,ripe
395.80,327.40,319.20,ripe
389.30,319.90,307.60,ripe
403.90,315.00,308.80,ripe
393.10,336.10,347.30,ripe
496.60,389.60,385.80,ripe
539.80,418.70,414.10,ripe
562.60,440.50,422.60,ripe
541.70,408.40,386.80,ripe
489.20,380.00,365.50,ripe
469.00,368.60,344.90,ripe
394.80,340.50,337.40,ripe
442.90,360.20,356.10,ripe
467.50,376.60,372.40,ripe
507.50,396.30,389.50,ripe
540.20,410.00,390.80,ripe
497.50,379.00,360.80,ripe
421.40,352.20,341.80,ripe
389.10,347.80,348.40,ripe
459.80,372.50,365.40,ripe
475.50,381.20,371.80,ripe
479.40,384.70,365.70,ripe
466.30,375.70,363.10,ripe
466.70,379.50,371.00,ripe
488.20,380.30,369.10,ripe
447.00,362.20,353.90,ripe
469.20,410.80,415.00,ripe
542.70,431.20,431.50,ripe
491.10,399.90,387.40,ripe
476.80,411.50,419.50,ripe
548.00,443.70,431.60,ripe
518.30,419.00,394.60,ripe
472.90,351.20,326.60,ripe
401.30,306.50,305.30,ripe
385.50,337.90,334.80,ripe
410.10,353.50,351.00,ripe
431.10,367.90,360.90,ripe
438.70,372.90,364.10,ripe
446.60,374.80,359.40,ripe
474.40,381.30,382.00,ripe
489.90,398.40,386.30,ripe
488.50,394.20,385.40,ripe
493.50,407.50,402.30,ripe
512.30,411.20,400.20,ripe
514.30,411.40,398.10,ripe
493.50,405.10,399.00,ripe
484.00,434.80,448.70,ripe
545.40,494.90,493.40,ripe
530.60,474.80,459.20,ripe
504.00,450.80,440.80,ripe
477.30,448.20,462.40,ripe
511.50,467.20,470.40,ripe
507.20,468.00,467.60,ripe
514.90,468.60,465.10,ripe
503.20,468.70,462.70,ripe
516.90,485.60,492.30,ripe
535.60,499.00,492.20,ripe
518.00,474.30,469.60,ripe
539.60,496.20,497.20,ripe
558.60,496.80,494.40,ripe
539.00,486.00,475.90,ripe
527.60,479.10,473.60,ripe
529.60,480.00,477.60,ripe
534.30,482.00,478.30,ripe
531.30,486.10,488.00,ripe
554.00,499.20,494.10,ripe
550.00,496.00,494.80,ripe
563.50,504.00,493.60,ripe
553.30,506.30,505.80,ripe
557.20,490.90,482.20,ripe
532.20,481.80,490.20,ripe
562.20,512.60,508.30,ripe
553.40,513.00,500.90,ripe
539.00,487.80,467.80,ripe
507.80,460.30,458.50,ripe
504.90,474.00,483.00,ripe
521.10,474.50,464.20,ripe
505.70,467.90,462.20,ripe
505.70,475.90,462.10,ripe
498.90,461.80,465.90,ripe
520.10,484.00,482.80,ripe
528.30,492.80,478.70,ripe
502.90,472.00,479.60,ripe
534.80,489.10,499.00,ripe
509.60,474.40,487.30,ripe
528.50,488.30,492.00,ripe
563.70,564.00,579.40,ripe
615.90,567.50,579.00,ripe
592.00,564.10,564.50,ripe
610.30,574.70,559.00,ripe
590.90,538.00,528.60,ripe
585.80,550.10,537.00,ripe
581.60,528.10,525.50,ripe
602.60,535.70,524.60,ripe
609.60,549.40,558.10,ripe
623.80,571.20,556.20,ripe
636.20,617.90,612.80,ripe
656.20,630.30,625.70,ripe
654.70,613.00,597.20,ripe
629.70,597.00,589.10,ripe
635.10,590.70,594.30,ripe
641.70,603.60,606.30,ripe
648.00,600.90,600.60,ripe
647.70,607.20,606.50,ripe
651.90,607.00,609.90,ripe
650.80,610.30,605.90,ripe
651.10,623.70,619.90,ripe
635.20,570.60,557.80,ripe
600.30,554.40,559.90,ripe
643.10,581.40,532.30,ripe
601.10,522.20,495.30,ripe
566.40,514.80,535.50,ripe
602.40,548.90,524.10,ripe
578.90,490.90,482.20,ripe
577.20,493.00,486.30,ripe
579.30,494.80,485.00,ripe
568.60,477.10,471.20,ripe
565.80,482.70,484.10,ripe
569.60,493.20,488.70,ripe
570.30,489.90,477.40,ripe
560.80,480.80,474.50,ripe
578.30,500.80,493.80,ripe
600.40,509.60,496.80,ripe
598.90,513.50,511.50,ripe
615.20,535.10,530.50,ripe
620.60,543.30,541.90,ripe
627.90,546.50,537.30,ripe
628.70,545.10,534.60,ripe
625.10,554.80,561.70,ripe
651.30,597.90,595.20,ripe
656.70,589.80,590.00,ripe
639.00,561.20,554.50,ripe
518.80,458.70,435.50,unripe
463.70,407.70,396.00,unripe
473.80,415.70,403.40,unripe
488.60,419.10,391.60,unripe
475.70,413.70,396.40,unripe
475.90,414.20,401.80,unripe
463.10,403.30,396.70,unripe
446.80,406.00,403.80,unripe
466.10,427.90,422.40,unripe
470.50,432.20,429.50,unripe
490.30,458.20,452.20,unripe
485.60,452.10,447.00,unripe
492.70,463.40,438.40,unripe
454.80,417.00,403.20,unripe
458.30,443.10,450.60,unripe
562.10,542.50,549.70,unripe
626.40,522.40,456.30,unripe
434.60,398.70,403.10,unripe
485.10,470.00,489.80,unripe
572.40,519.30,476.40,unripe
500.70,446.30,422.80,unripe
435.60,400.90,390.30,unripe
453.20,430.60,437.00,unripe
494.30,460.50,460.10,unripe
511.50,477.80,472.50,unripe
513.10,487.60,484.40,unripe
516.20,505.20,512.10,unripe
549.00,522.10,515.40,unripe
542.20,486.90,463.70,unripe
487.70,453.00,448.90,unripe
495.20,460.00,456.40,unripe
497.00,452.70,436.90,unripe
482.90,418.70,401.20,unripe
454.80,393.20,361.30,unripe
435.80,386.00,373.30,unripe
440.50,384.50,367.70,unripe
455.30,400.60,385.00,unripe
442.80,382.30,367.50,unripe
443.80,383.50,363.60,unripe
430.80,380.60,390.60,unripe
508.00,452.80,442.10,unripe
533.80,477.80,470.30,unripe
582.80,495.10,470.30,unripe
558.70,468.90,438.20,unripe
518.30,446.70,431.40,unripe
529.10,462.60,436.90,unripe
482.50,439.50,429.60,unripe
506.50,451.60,433.30,unripe
502.90,458.90,449.70,unripe
527.60,471.50,456.70,unripe
525.10,469.20,467.60,unripe
558.80,494.90,461.10,unripe
510.20,456.00,443.10,unripe
492.30,451.10,448.00,unripe
523.80,472.50,458.80,unripe
557.10,483.00,465.40,unripe
567.80,486.10,468.60,unripe
548.60,482.30,487.60,unripe
590.70,517.90,500.90,unripe
630.40,565.90,594.30,unripe
742.70,658.70,640.00,unripe
745.40,648.10,632.30,unripe
742.90,659.80,631.10,unripe
717.30,612.30,593.20,unripe
691.00,576.80,542.70,unripe
627.40,535.20,513.50,unripe
604.20,512.50,490.90,unripe
574.40,503.30,485.60,unripe
551.90,481.50,477.00,unripe
612.80,533.50,533.00,unripe
686.60,596.20,599.60,unripe
734.50,636.80,618.00,unripe
719.40,632.00,612.50,unripe
704.80,614.10,603.70,unripe
688.70,603.00,597.90,unripe
687.20,596.10,574.30,unripe
646.60,562.30,542.20,unripe
586.10,499.20,489.80,unripe
565.30,498.30,491.40,unripe
532.30,466.00,439.90,unripe
487.50,468.10,484.10,unripe
587.20,510.70,510.70,unripe
671.70,586.90,581.90,unripe
726.20,609.10,587.30,unripe
716.70,601.40,578.10,unripe
669.50,563.50,541.80,unripe
636.00,558.90,555.90,unripe
645.80,584.90,601.80,unripe
716.90,658.70,642.90,unripe
690.40,607.80,558.00,unripe
590.90,522.30,508.30,unripe
562.90,474.70,448.40,unripe
470.50,432.10,424.50,unripe
447.00,425.80,439.80,unripe
506.20,480.20,483.10,unripe
551.60,521.40,528.90,unripe
624.10,558.70,546.90,unripe
628.90,536.60,501.90,unripe
582.90,516.70,498.20,unripe
600.60,526.70,505.10,unripe
577.40,508.20,506.40,unripe
635.50,579.20,556.30,unripe
617.90,561.80,542.20,unripe
602.80,549.10,528.00,unripe
607.00,559.70,545.90,unripe
638.30,568.70,556.70,unripe
651.40,571.60,559.20,unripe
648.60,558.20,536.10,unripe
626.10,545.30,524.10,unripe
604.90,528.60,517.60,unripe
642.70,548.50,510.10,unripe
573.10,506.30,493.20,unripe
571.90,503.60,484.10,unripe
571.50,499.70,486.90,unripe
549.50,469.10,449.70,unripe
494.80,452.40,442.30,unripe
520.00,497.50,506.00,unripe
645.50,586.30,582.10,unripe
685.60,616.20,582.90,unripe
632.00,539.20,518.30,unripe
588.20,515.50,494.50,unripe
546.80,474.00,450.80,unripe
485.10,437.30,423.50,unripe
450.70,419.90,412.20,unripe
455.20,434.50,437.30,unripe
525.70,479.80,466.70,unripe
569.60,510.90,503.10,unripe
637.10,553.80,520.70,unripe
620.40,533.70,517.20,unripe
563.80,461.40,442.00,unripe
498.60,449.80,431.70,unripe
481.10,457.80,449.60,unripe
503.80,435.40,406.80,unripe
419.10,398.40,415.80,unripe
566.70,530.40,549.00,unripe
724.60,657.40,655.80,unripe
734.70,609.30,562.50,unripe
623.80,511.80,481.50,unripe
567.30,476.90,459.90,unripe
523.90,448.90,445.40,unripe
537.70,442.80,422.40,unripe
552.10,460.80,459.80,unripe
526.00,445.80,435.40,unripe
584.10,526.30,456.20,unripe
514.60,451.60,452.20,unripe
531.60,450.80,426.20,unripe
463.60,427.30,420.30,unripe
498.50,454.20,455.60,unripe
584.90,530.20,524.70,unripe
644.60,537.60,507.40,unripe
602.60,525.90,504.90,unripe
602.30,525.60,510.60,unripe
595.30,512.10,489.00,unripe
547.80,460.00,424.10,unripe
488.90,435.70,431.00,unripe
564.30,489.30,476.00,unripe
545.40,463.70,441.70,unripe
432.40,354.20,331.40,unripe
300.00,255.60,249.60,unripe
396.60,377.40,461.00,unripe
623.00,517.90,511.00,unripe
596.70,579.20,552.80,unripe
630.70,536.20,512.20,unripe
579.30,484.10,465.40,unripe
544.20,466.50,444.70,unripe
514.00,451.00,434.60,unripe
530.40,447.80,445.90,unripe
584.90,522.50,519.00,unripe
595.40,526.30,519.00,unripe
610.00,542.70,528.30,unripe
630.60,572.80,540.40,unripe
588.40,542.00,536.70,unripe
588.50,580.10,583.70,unripe
627.10,601.70,593.30,unripe
631.80,596.80,587.20,unripe
631.90,596.50,601.50,unripe
647.90,611.30,602.80,unripe
649.00,617.40,619.00,unripe
661.40,621.70,627.10,unripe
669.80,636.90,634.40,unripe
677.60,643.30,633.50,unripe
672.50,639.20,636.00,unripe
675.00,638.00,631.60,unripe
670.70,630.50,626.20,unripe
672.40,623.90,615.90,unripe
645.10,597.80,593.70,unripe
612.80,576.50,570.70,unripe
628.80,605.10,606.90,unripe
657.00,620.60,610.70,unripe
656.70,609.40,572.00,unripe
659.00,600.40,590.90,unripe
641.50,565.40,558.60,unripe
628.70,589.10,595.50,unripe
669.30,619.60,626.30,unripe
665.60,608.70,598.10,unripe
647.20,590.10,587.10,unripe
613.50,518.90,487.70,unripe
492.40,490.30,518.90,unripe
609.10,588.40,610.50,unripe
683.50,645.10,646.50,unripe
707.10,670.10,659.10,unripe
681.30,625.00,602.20,unripe
646.10,597.40,564.30,unripe
597.30,540.30,534.80,unripe
574.70,546.20,571.80,unripe
670.10,649.10,653.70,unripe
712.80,652.30,631.10,unripe
647.60,582.70,547.10,unripe
543.20,489.20,471.60,unripe
489.30,442.90,439.30,unripe
507.90,498.40,510.60,unripe
596.20,573.10,582.80,unripe
659.60,630.00,629.00,unripe
678.10,597.20,564.40,unripe
589.30,530.80,496.10,unripe
521.50,491.30,504.20,unripe
583.50,548.40,526.80,unripe
550.90,523.40,524.10,unripe
580.00,537.60,533.40,unripe
585.40,533.30,523.50,unripe
564.60,511.00,502.90,unripe
550.80,518.90,539.50,unripe
646.10,611.30,607.20,unripe
618.50,534.80,504.30,unripe
515.30,447.40,437.50,unripe
484.80,466.30,470.00,unripe
540.90,493.10,475.70,unripe
549.90,509.90,501.30,unripe
560.00,533.30,544.90,unripe
632.90,606.10,617.40,unripe
706.30,661.20,655.40,unripe
702.20,624.30,598.30,unripe
648.90,578.10,562.70,unripe
624.10,551.50,531.70,unripe
583.20,527.50,524.60,unripe
612.20,573.30,571.60,unripe
656.20,606.30,593.10,unripe
660.80,589.70,569.90,unripe
624.80,566.20,569.80,unripe
663.80,610.20,615.50,unripe
710.70,640.70,611.60,unripe
665.60,595.30,585.30,unripe
678.60,605.70,586.00,unripe
655.30,573.00,558.30,unripe
609.30,533.90,508.00,unripe
569.80,490.90,485.50,unripe
555.00,513.00,497.20,unripe
548.70,508.30,504.70,unripe
569.00,515.20,511.10,unripe
617.70,575.30,568.60,unripe
622.40,565.30,542.40,unripe
587.80,524.10,512.50,unripe
564.40,525.20,520.80,unripe
613.90,583.50,572.50,unripe
608.60,573.90,563.80,unripe
620.10,571.10,594.70,unripe
699.80,670.10,674.20,unripe
733.90,666.00,617.40,unripe
624.10,538.70,511.30,unripe
528.20,470.70,440.00,unripe
436.60,395.70,386.30,unripe
429.50,435.30,476.10,unripe
584.20,544.60,540.80,unripe
604.50,548.00,540.50,unripe
601.60,536.90,535.30,unripe
605.40,540.60,528.90,unripe
531.90,491.70,489.90,unripe
574.50,505.00,478.50,unripe
541.70,491.70,481.40,unripe
577.40,524.00,531.00,unripe
621.50,548.80,538.60,unripe
653.30,551.10,512.30,unripe
510.40,457.00,484.60,unripe
606.30,551.20,542.60,unripe
626.10,565.80,565.20,unripe
635.30,573.70,567.20,unripe
618.40,564.10,561.80,unripe
623.20,597.00,600.70,unripe
653.80,607.10,590.80,unripe
637.40,586.10,572.50,unripe
602.70,563.60,548.80,unripe
585.40,551.50,540.60,unripe
589.40,542.60,534.70,unripe
588.50,540.80,518.30,unripe
586.50,534.30,525.20,unripe
580.50,533.30,525.40,unripe
569.30,529.00,531.60,unripe
621.70,577.30,587.10,unripe
687.20,614.30,590.90,unripe
679.30,601.10,580.20,unripe
671.50,580.10,582.30,unripe
684.10,598.70,575.00,unripe
624.50,564.60,553.90,unripe
605.70,554.90,549.60,unripe
620.40,564.50,549.60,unripe
622.40,577.10,577.90,unripe
653.20,585.70,571.60,unripe
642.80,571.40,562.30,unripe
622.50,574.70,583.80,unripe
661.50,589.80,572.60,unripe
642.30,586.10,570.10,unripe
636.40,578.80,569.70,unripe
642.60,588.70,582.70,unripe
640.80,575.60,540.30,unripe
764.20,737.70,739.60,ripe
763.80,742.60,742.90,ripe
762.00,739.10,739.80,ripe
759.20,738.60,738.40,ripe
758.30,739.00,739.50,ripe
757.10,739.40,738.90,ripe
756.50,736.30,737.80,ripe
758.90,742.70,743.20,ripe
762.00,742.40,740.50,ripe
758.10,738.90,739.60,ripe
758.30,738.80,738.50,ripe
757.80,737.80,736.90,ripe
755.60,736.90,737.50,ripe
755.40,735.90,735.30,ripe
754.50,734.40,734.90,ripe
753.80,734.30,734.70,ripe
752.70,733.20,733.50,ripe
751.70,732.30,733.10,ripe
753.50,734.60,734.20,ripe
750.90,733.10,732.40,ripe
749.80,733.10,732.80,ripe
749.20,731.70,731.90,ripe
748.80,731.10,730.30,ripe
748.10,730.60,730.30,ripe
747.10,730.10,731.10,ripe
747.10,729.80,730.30,ripe
747.10,730.60,730.40,ripe
747.40,731.10,731.00,ripe
745.90,729.00,729.50,ripe
745.30,729.70,728.50,ripe
744.10,728.60,728.40,ripe
744.30,728.10,728.20,ripe
743.60,727.60,727.90,ripe
742.90,728.80,728.80,ripe
743.70,728.70,728.70,ripe
743.60,727.50,727.60,ripe
743.10,728.80,728.10,ripe
742.70,727.20,727.60,ripe
743.20,727.50,727.20,ripe
742.90,728.50,728.30,ripe
744.00,731.50,731.00,ripe
743.70,729.10,729.20,ripe
743.80,729.20,728.70,ripe
743.40,728.30,727.80,ripe
742.80,729.00,728.60,ripe
742.70,728.30,728.30,ripe
742.80,728.60,728.50,ripe
742.70,728.10,727.50,ripe
742.30,727.70,727.90,ripe
741.70,727.50,727.50,ripe
742.30,728.10,727.90,ripe
742.60,728.00,726.40,ripe
742.20,727.70,727.50,ripe
741.70,727.80,727.30,ripe
741.70,727.50,726.80,ripe
741.10,727.40,727.40,ripe
741.20,726.90,727.60,ripe
742.20,728.20,728.90,ripe
742.80,728.40,728.60,ripe
742.90,728.60,728.70,ripe
739.10,724.70,723.50,ripe
735.00,720.90,721.70,ripe
734.40,721.70,721.00,ripe
734.50,722.20,722.10,ripe
735.70,722.70,723.20,ripe
736.10,723.40,724.90,ripe
738.80,726.20,726.40,ripe
738.80,725.40,725.30,ripe
736.50,723.60,723.50,ripe
736.50,723.40,723.00,ripe
736.40,722.10,722.00,ripe
734.40,720.70,719.60,ripe
734.10,720.60,721.40,ripe
734.80,721.20,720.80,ripe
735.40,721.60,721.90,ripe
736.10,722.30,721.40,ripe
734.60,720.40,721.10,ripe
735.30,721.60,721.00,ripe
735.10,722.50,723.30,ripe
734.40,720.30,718.50,ripe
730.60,716.40,716.00,ripe
733.10,722.50,720.60,ripe
731.40,718.20,716.30,ripe
727.00,713.10,711.30,ripe
723.80,711.10,710.50,ripe
723.20,710.80,709.80,ripe
724.10,711.40,710.20,ripe
723.30,711.00,710.30,ripe
723.30,711.20,710.30,ripe
722.70,710.80,710.10,ripe
723.20,710.50,709.90,ripe
723.70,711.20,710.30,ripe
722.50,710.60,709.90,ripe
722.40,710.00,708.70,ripe
713.90,703.20,715.40,ripe
740.20,729.80,730.40,ripe
741.50,731.20,731.40,ripe
742.50,731.40,732.00,ripe
743.60,731.80,732.00,ripe
743.90,732.10,731.80,ripe
744.30,731.60,732.20,ripe
744.10,731.70,732.10,ripe
744.60,731.60,731.40,ripe
744.70,731.10,731.40,ripe
743.90,731.00,731.20,ripe
743.50,730.30,730.80,ripe
743.80,730.50,730.80,ripe
743.50,730.60,730.80,ripe
743.00,730.20,730.30,ripe
742.80,730.30,730.30,ripe
742.80,730.50,730.20,ripe
741.70,730.90,731.80,ripe
742.20,731.30,731.70,ripe
743.20,731.10,731.00,ripe
742.90,731.80,731.10,ripe
742.80,731.30,731.70,ripe
743.20,731.00,731.40,ripe
743.10,731.10,730.70,ripe
743.00,731.10,731.30,ripe
742.80,731.20,731.40,ripe
742.90,731.20,731.30,ripe
741.30,728.50,728.80,ripe
741.90,728.60,729.00,ripe
742.50,728.60,728.50,ripe
741.90,728.80,728.80,ripe
741.80,728.60,729.20,ripe
742.20,729.30,729.00,ripe
741.80,729.30,728.50,ripe
741.50,728.70,728.90,ripe
741.50,728.40,728.30,ripe
741.80,728.60,728.50,ripe
741.70,729.20,729.30,ripe
741.80,729.30,729.50,ripe
733.50,710.80,703.10,ripe
740.80,727.70,728.10,ripe
741.50,728.20,728.40,ripe
741.70,728.70,728.80,ripe
741.40,728.70,728.60,ripe
742.10,728.50,729.30,ripe
741.60,728.10,728.00,ripe
738.70,722.90,723.70,ripe
740.40,726.30,726.70,ripe
742.70,728.90,729.40,ripe
743.60,730.10,730.60,ripe
743.50,730.30,730.10,ripe
743.40,730.20,730.10,ripe
743.30,730.20,730.30,ripe
743.50,730.00,730.10,ripe
742.90,729.70,729.50,ripe
743.60,729.90,729.50,ripe
743.10,729.90,730.20,ripe
743.00,729.20,730.10,ripe
742.90,729.70,730.10,ripe
744.00,730.60,730.30,ripe
743.00,730.40,730.70,ripe
744.00,730.10,730.70,ripe
740.60,729.80,729.90,ripe
738.90,727.50,728.20,ripe
738.70,727.90,729.10,ripe
740.50,728.80,729.60,ripe
742.00,728.60,727.70,ripe
742.00,728.60,730.00,ripe
742.50,729.70,730.30,ripe
741.90,729.80,730.10,ripe
741.90,730.00,729.90,ripe
741.80,729.30,729.80,ripe
742.30,729.50,730.00,ripe
743.00,730.00,730.10,ripe
743.00,730.50,730.40,ripe
742.90,729.90,730.50,ripe
742.50,729.50,729.70,ripe
743.20,729.80,729.60,ripe
741.80,729.50,730.10,ripe
741.60,729.00,729.70,ripe
741.40,729.40,729.20,ripe
742.10,729.70,729.60,ripe
742.00,729.40,729.40,ripe
741.60,728.90,729.20,ripe
742.20,729.00,729.00,ripe
741.70,729.10,729.40,ripe
741.30,728.80,729.50,ripe
741.70,728.60,728.40,ripe
741.90,728.80,729.10,ripe
741.90,728.70,729.10,ripe
741.70,728.60,728.50,ripe
742.00,728.40,728.40,ripe
740.60,728.60,728.40,ripe
739.90,728.30,728.70,ripe
740.60,728.00,728.30,ripe
740.40,728.40,728.60,ripe
740.60,728.30,728.80,ripe
740.60,727.80,727.80,ripe
740.90,728.00,728.40,ripe
740.10,728.40,728.10,ripe
739.70,727.80,727.90,ripe
739.70,727.40,727.70,ripe
740.00,728.10,727.70,ripe
740.10,727.50,727.60,ripe
739.60,727.10,727.60,ripe
739.90,727.70,727.70,ripe
739.40,727.40,727.70,ripe
739.00,727.00,727.40,ripe
739.00,726.70,727.20,ripe
739.30,727.10,727.30,ripe
738.50,726.70,727.30,ripe
738.40,726.50,726.70,ripe
738.30,727.10,726.70,ripe
738.70,726.80,727.20,ripe
738.60,726.30,726.30,ripe
738.50,726.40,726.30,ripe
738.30,726.10,726.60,ripe
737.90,726.20,726.50,ripe
738.60,725.90,726.00,ripe
738.50,726.80,726.90,ripe
738.50,726.40,726.70,ripe
738.70,726.30,726.90,ripe
739.00,726.90,726.50,ripe
738.50,726.40,727.00,ripe
738.60,726.00,726.10,ripe
738.60,726.10,726.00,ripe
738.60,726.80,726.60,ripe
737.70,726.00,726.40,ripe
738.30,726.30,726.30,ripe
738.30,726.30,726.20,ripe
738.20,726.20,726.50,ripe
737.60,725.90,726.60,ripe
738.10,726.10,726.30,ripe
737.10,726.30,726.70,ripe
737.00,725.90,726.50,ripe
738.40,726.40,726.50,ripe
738.70,726.10,726.20,ripe
738.10,726.20,726.50,ripe
735.40,724.80,725.40,ripe
736.30,725.00,725.10,ripe
736.30,725.40,725.60,ripe
735.80,724.30,724.80,ripe
735.90,724.70,725.20,ripe
736.30,724.80,725.40,ripe
735.80,725.10,725.30,ripe
735.40,725.00,725.10,ripe
735.80,724.60,725.00,ripe
735.70,725.40,725.50,ripe
735.60,725.00,725.00,ripe
735.50,724.50,724.80,ripe
735.80,724.80,725.10,ripe
735.80,724.80,724.70,ripe
735.30,724.30,724.70,ripe
735.10,724.00,724.10,ripe
735.30,724.20,724.50,ripe
735.20,724.30,724.30,ripe
734.20,723.90,724.60,ripe
734.20,723.50,723.90,ripe
733.70,723.50,723.70,ripe
733.50,723.30,723.70,ripe
732.70,722.50,722.50,ripe
732.70,722.20,721.90,ripe
732.60,722.40,722.70,ripe
732.20,722.60,722.90,ripe
732.10,721.90,722.40,ripe
732.10,722.50,722.20,ripe
732.40,722.30,722.50,ripe
732.40,722.60,722.30,ripe
733.10,722.00,721.80,ripe
733.30,721.30,721.40,ripe
732.60,721.80,721.80,ripe
730.70,721.30,721.50,ripe
731.90,720.90,720.90,ripe
731.60,721.50,721.20,ripe
731.80,721.30,721.60,ripe
731.80,721.40,721.50,ripe
731.30,720.60,721.00,ripe
731.10,720.70,720.70,ripe
729.40,720.50,720.80,ripe
729.30,720.30,720.50,ripe
729.50,720.10,720.00,ripe
729.40,720.20,719.70,ripe
729.70,720.30,719.70,ripe
728.50,719.60,719.70,ripe
729.20,719.30,719.80,ripe
729.30,719.00,719.10,ripe
729.50,719.20,719.20,ripe
729.70,720.10,719.90,ripe
730.40,720.00,719.90,ripe
730.80,719.70,719.60,ripe
730.30,719.60,719.40,ripe
731.00,719.00,719.10,ripe
731.10,719.00,719.20,ripe
731.10,719.10,719.40,ripe
731.30,719.70,719.60,ripe
731.60,719.90,720.00,ripe
730.50,719.80,719.90,ripe
730.20,719.80,719.70,ripe
730.20,719.30,719.60,ripe
731.00,719.80,719.60,ripe
731.10,720.10,720.90,ripe
731.40,719.60,719.60,ripe
730.80,719.90,719.60,ripe
730.00,719.50,719.60,ripe
729.10,718.80,719.30,ripe
727.50,718.20,718.20,ripe
725.90,717.70,717.90,ripe
726.80,718.30,718.80,ripe
727.10,718.70,718.60,ripe
727.30,717.90,718.30,ripe
728.00,718.20,718.50,ripe
726.90,718.00,718.00,ripe
728.10,718.30,718.40,ripe
727.90,718.10,717.80,ripe
728.10,717.30,717.70,ripe
728.20,717.70,717.90,ripe
727.70,717.40,717.50,ripe
726.70,716.80,717.00,ripe
726.90,716.60,717.40,ripe
727.20,717.60,717.80,ripe
727.00,717.80,717.50,ripe
727.20,717.10,717.30,ripe
726.20,716.50,716.70,ripe
725.00,715.70,715.80,ripe
723.20,715.50,716.80,ripe
725.30,716.60,717.50,ripe
726.20,717.30,716.90,ripe
727.70,718.20,718.70,ripe
727.60,718.30,719.60,ripe
729.40,719.70,718.50,ripe
731.30,718.50,715.40,ripe
726.00,713.10,712.20,ripe
723.80,712.90,713.10,ripe
721.50,711.40,712.40,ripe
722.00,712.50,712.70,ripe
721.30,712.70,712.60,ripe
720.80,712.20,712.50,ripe
720.70,712.30,712.50,ripe
720.40,712.00,712.30,ripe
719.70,711.80,711.80,ripe
719.60,711.70,711.90,ripe
720.30,712.50,712.30,ripe
720.10,712.00,712.30,ripe
719.90,712.00,711.70,ripe
719.90,712.20,712.00,ripe
720.70,712.10,712.20,ripe
720.60,712.20,712.40,ripe
721.00,712.00,712.10,ripe
720.80,712.20,712.10,ripe
720.70,711.90,712.00,ripe
720.20,711.30,711.20,ripe
720.60,711.70,711.10,ripe
720.30,712.40,712.20,ripe
719.80,711.70,711.70,ripe
720.20,711.20,711.10,ripe
719.90,711.40,711.40,ripe
719.70,711.50,711.80,ripe
719.90,711.30,711.30,ripe
720.10,711.60,711.40,ripe
719.50,711.50,712.20,ripe
720.20,711.30,712.00,ripe
721.50,712.10,712.10,ripe
721.70,713.10,712.50,ripe
721.50,712.60,712.70,ripe
721.90,712.60,712.80,ripe
722.30,713.00,713.00,ripe
722.10,713.00,713.00,ripe
721.80,713.10,713.90,ripe
722.50,713.70,713.20,ripe
722.50,713.70,713.30,ripe
722.00,713.00,713.20,ripe
722.10,712.80,713.70,ripe
722.30,713.20,713.40,ripe
721.00,712.70,712.60,ripe
720.40,712.40,712.40,ripe
719.20,711.50,711.30,ripe
718.60,711.90,711.80,ripe
719.10,711.90,711.70,ripe
719.30,711.90,711.40,ripe
718.30,711.50,711.50,ripe
717.50,710.90,711.10,ripe
717.80,711.80,711.50,ripe
718.20,712.50,714.10,ripe
726.30,717.10,717.30,ripe
728.00,717.20,717.20,ripe
727.50,717.90,718.00,ripe
727.00,717.60,717.50,ripe
727.40,717.20,718.20,ripe
728.20,717.50,718.10,ripe
726.60,716.90,717.70,ripe
727.50,717.70,717.10,ripe
727.40,717.80,717.30,ripe
727.50,717.80,717.90,ripe
727.60,717.40,717.60,ripe
728.20,717.40,717.40,ripe
728.40,717.70,717.70,ripe
727.90,717.50,717.90,ripe
727.80,717.20,717.50,ripe
728.50,717.40,717.40,ripe
731.10,717.30,717.30,ripe
733.00,719.30,718.70,ripe
732.40,717.90,718.60,ripe
732.80,719.00,719.20,ripe
732.30,717.70,717.50,ripe
731.90,717.60,717.70,ripe
732.40,718.10,717.20,ripe
732.40,718.30,718.30,ripe
732.70,718.50,719.10,ripe
733.50,720.60,720.80,ripe
734.70,720.30,720.80,ripe
734.40,720.50,721.20,ripe
734.20,720.30,720.50,ripe
734.40,720.00,720.30,ripe
734.60,720.70,720.30,ripe
734.50,720.70,720.50,ripe
734.70,720.60,720.40,ripe
734.50,721.00,721.00,ripe
735.10,721.40,721.60,ripe
735.10,721.30,720.70,ripe
735.30,721.10,720.90,ripe
734.80,721.10,721.20,ripe
735.50,721.50,721.40,ripe
734.90,721.20,721.90,ripe
735.50,722.90,722.80,ripe
734.40,722.60,722.80,ripe
734.90,721.90,721.80,ripe
735.50,722.00,721.70,ripe
733.70,721.80,721.40,ripe
732.70,721.30,721.70,ripe
733.60,721.40,721.00,ripe
732.30,721.00,720.80,ripe
732.60,721.60,721.10,ripe
732.30,721.00,721.10,ripe
731.70,719.80,720.30,ripe
731.20,721.10,721.40,ripe
733.60,721.50,721.80,ripe
733.20,721.40,721.10,ripe
732.90,721.50,721.60,ripe
733.30,721.50,722.10,ripe
733.90,721.00,721.20,ripe
733.80,720.60,721.20,ripe
732.40,720.90,721.10,ripe
732.00,720.90,721.50,ripe
732.10,720.90,720.80,ripe
732.80,721.10,720.90,ripe
732.30,720.70,721.00,ripe
732.50,720.70,721.10,ripe
733.10,720.70,721.20,ripe
733.60,721.40,721.30,ripe
733.80,721.00,721.30,ripe
733.70,720.60,720.80,ripe
733.40,720.30,720.70,ripe
733.00,720.40,720.80,ripe
732.40,720.00,720.30,ripe
733.10,720.40,721.10,ripe
733.10,721.00,721.30,ripe
732.40,720.60,720.80,ripe
733.40,720.50,720.60,ripe
733.80,721.00,720.70,ripe
732.90,720.20,720.50,ripe
733.10,718.70,718.60,ripe
731.70,719.10,718.90,ripe
731.70,718.60,718.60,ripe
731.80,719.60,719.80,ripe
731.90,719.50,719.80,ripe
731.80,719.60,719.50,ripe
731.30,719.90,721.00,ripe
733.00,720.40,720.60,ripe
732.80,719.80,719.70,ripe
732.10,718.80,718.20,ripe
733.00,719.70,720.00,ripe
731.90,717.00,715.50,ripe
728.00,713.10,712.30,ripe
727.60,713.90,714.80,ripe
730.50,719.00,721.30,ripe
735.50,721.70,721.70,ripe
734.70,721.00,721.70,ripe
735.40,721.10,720.10,ripe
734.70,720.80,719.80,ripe
732.70,718.50,719.80,ripe
733.30,718.90,718.70,ripe
735.60,722.10,722.30,ripe
736.00,722.90,722.80,ripe
736.20,723.10,723.30,ripe
736.80,723.00,723.30,ripe
737.60,724.60,724.70,ripe
736.80,723.40,723.60,ripe
736.40,722.60,722.80,ripe
736.50,723.20,723.30,ripe
736.70,723.50,724.10,ripe
736.80,724.20,724.40,ripe
736.40,724.20,724.00,ripe
736.50,724.10,724.20,ripe
736.30,724.40,724.70,ripe
735.80,723.90,724.90,ripe
736.70,723.80,723.50,ripe
737.10,723.90,723.70,ripe
737.00,723.90,723.90,ripe
737.10,723.50,724.30,ripe
737.40,724.30,724.70,ripe
737.10,724.60,724.60,ripe
737.40,724.00,724.70,ripe
737.10,723.50,724.40,ripe
737.50,724.20,724.20,ripe
737.60,724.50,725.00,ripe
737.40,724.50,724.90,ripe
737.80,724.60,724.40,ripe
737.20,723.80,724.40,ripe
737.40,724.50,724.30,ripe
737.40,724.70,724.80,ripe
737.50,724.60,724.10,ripe
737.20,723.70,724.50,ripe
737.00,724.40,724.30,ripe
726.60,724.30,726.40,unripe
743.20,727.50,726.60,unripe
740.70,722.60,722.70,unripe
739.80,722.90,723.30,unripe
740.20,724.00,725.00,unripe
742.40,726.20,725.60,unripe
742.40,726.30,726.30,unripe
742.10,725.70,726.10,unripe
742.20,726.00,725.90,unripe
742.00,725.50,724.40,unripe
739.90,724.40,725.70,unripe
740.60,725.40,726.00,unripe
740.20,724.50,725.40,unripe
740.70,724.70,725.20,unripe
740.00,725.20,722.50,unripe
736.20,722.70,721.60,unripe
736.90,724.70,727.70,unripe
744.20,727.60,730.00,unripe
745.60,729.70,730.10,unripe
745.60,729.20,728.40,unripe
745.30,730.00,730.50,unripe
746.40,730.40,731.30,unripe
746.90,730.70,730.10,unripe
746.30,729.90,730.30,unripe
745.40,730.20,729.50,unripe
745.30,729.30,729.40,unripe
745.60,729.00,729.50,unripe
744.80,728.80,729.00,unripe
745.20,728.60,729.00,unripe
746.00,728.90,729.20,unripe
745.80,728.00,728.50,unripe
745.70,728.50,729.60,unripe
745.90,728.50,728.60,unripe
746.80,729.30,729.20,unripe
746.10,728.60,728.80,unripe
746.40,729.20,728.40,unripe
745.50,728.10,728.50,unripe
746.20,728.40,728.90,unripe
745.20,727.40,727.10,unripe
745.00,727.50,727.00,unripe
745.60,727.50,727.60,unripe
746.70,729.60,729.00,unripe
745.70,728.80,728.60,unripe
745.80,729.80,730.70,unripe
745.70,730.70,731.40,unripe
746.10,730.80,732.30,unripe
746.30,732.40,732.20,unripe
746.10,732.00,732.70,unripe
742.70,729.40,729.90,unripe
742.90,728.60,728.90,unripe
743.70,728.50,730.00,unripe
742.60,728.60,729.00,unripe
745.40,728.50,729.10,unripe
744.80,727.60,727.50,unripe
744.30,727.40,728.00,unripe
743.00,725.50,725.60,unripe
741.70,725.30,725.30,unripe
741.50,725.40,725.90,unripe
741.90,727.20,728.40,unripe
744.30,724.70,723.00,unripe
744.10,725.60,725.60,unripe
745.50,726.20,725.60,unripe
743.40,727.50,728.40,unripe
743.00,726.10,729.30,unripe
730.70,711.40,711.60,unripe
735.90,716.30,715.10,unripe
734.30,717.70,717.10,unripe
732.10,716.80,716.70,unripe
733.70,717.00,716.70,unripe
733.00,715.30,714.30,unripe
732.40,715.60,715.30,unripe
733.10,714.80,715.40,unripe
729.50,713.60,713.60,unripe
730.50,714.10,712.90,unripe
729.70,712.00,712.10,unripe
729.00,712.70,711.80,unripe
730.30,716.10,715.50,unripe
733.60,718.60,717.20,unripe
733.90,719.40,719.90,unripe
734.80,719.60,720.10,unripe
734.00,719.40,718.80,unripe
733.20,717.70,717.90,unripe
733.60,718.70,718.20,unripe
734.20,718.90,717.50,unripe
733.20,717.70,718.40,unripe
733.60,718.70,719.20,unripe
734.30,719.90,720.00,unripe
734.00,719.70,719.70,unripe
733.30,718.80,719.20,unripe
734.30,720.10,719.20,unripe
732.50,718.60,718.20,unripe
731.80,718.00,717.50,unripe
732.20,717.90,718.40,unripe
731.40,717.80,718.70,unripe
730.20,716.60,717.90,unripe
730.70,717.00,717.60,unripe
730.80,717.60,717.50,unripe
730.10,717.20,717.20,unripe
729.80,715.40,715.90,unripe
729.40,713.80,714.50,unripe
730.70,714.50,714.30,unripe
730.40,713.50,713.20,unripe
730.10,713.60,713.90,unripe
729.30,713.40,713.40,unripe
728.90,713.30,713.70,unripe
728.80,712.40,712.80,unripe
728.80,713.70,714.30,unripe
729.00,713.70,714.30,unripe
727.90,713.20,713.50,unripe
727.90,713.30,712.40,unripe
728.10,714.20,716.30,unripe
726.70,711.10,711.00,unripe
725.10,709.90,710.30,unripe
725.40,709.50,708.80,unripe
724.70,710.10,710.60,unripe
724.90,710.30,710.30,unripe
726.30,710.40,709.60,unripe
725.30,710.10,709.10,unripe
723.40,708.70,708.70,unripe
723.30,706.50,705.80,unripe
722.50,706.20,705.60,unripe
722.60,707.20,707.50,unripe
724.00,709.80,710.50,unripe
730.30,713.60,714.80,unripe
741.80,724.40,721.50,unripe
743.10,721.70,720.40,unripe
742.00,719.90,720.10,unripe
741.40,720.10,721.90,unripe
742.30,720.70,720.20,unripe
737.40,716.90,716.00,unripe
735.20,714.60,714.10,unripe
735.50,714.70,713.80,unripe
735.00,713.60,713.50,unripe
734.60,713.40,713.60,unripe
735.80,714.70,714.80,unripe
734.60,714.00,714.00,unripe
734.50,713.70,713.90,unripe
734.90,713.60,713.50,unripe
733.90,713.90,713.50,unripe
733.50,712.90,711.80,unripe
732.80,711.80,711.30,unripe
732.40,712.00,711.80,unripe
734.30,713.10,713.20,unripe
736.00,714.10,714.10,unripe
737.50,715.60,715.20,unripe
737.40,716.20,715.80,unripe
737.70,716.70,716.90,unripe
738.30,716.40,716.60,unripe
737.10,716.90,717.60,unripe
738.80,718.20,717.90,unripe
739.20,718.10,718.30,unripe
738.60,717.40,717.40,unripe
738.80,717.50,719.10,unripe
739.00,718.50,718.40,unripe
740.30,718.90,718.50,unripe
740.20,719.80,719.90,unripe
740.10,719.80,719.30,unripe
739.40,717.70,718.00,unripe
739.40,717.80,718.20,unripe
738.50,717.70,717.60,unripe
739.40,718.70,718.00,unripe
739.20,717.30,716.60,unripe
738.80,716.40,716.00,unripe
738.00,716.70,717.00,unripe
738.50,716.90,715.80,unripe
737.10,714.40,714.20,unripe
735.40,713.30,713.10,unripe
734.00,711.30,711.50,unripe
734.00,716.10,715.00,unripe
734.60,715.50,715.00,unripe
733.40,714.20,714.50,unripe
733.40,713.90,713.20,unripe
733.80,712.90,713.30,unripe
733.80,713.30,714.50,unripe
736.80,716.00,714.50,unripe
734.90,715.30,715.00,unripe
734.20,714.50,714.50,unripe
733.80,714.80,714.30,unripe
733.20,713.70,713.90,unripe
733.30,713.90,714.20,unripe
733.50,713.60,713.50,unripe
733.50,713.40,713.80,unripe
733.20,712.90,712.80,unripe
730.80,710.90,710.50,unripe
734.30,713.80,713.30,unripe
735.00,714.40,714.10,unripe
735.00,713.50,714.60,unripe
736.60,715.00,714.50,unripe
731.40,711.20,708.90,unripe
728.90,711.20,711.20,unripe
730.10,712.60,713.20,unripe
731.40,714.80,714.10,unripe
730.70,713.50,713.50,unripe
730.40,712.60,712.50,unripe
729.40,712.20,712.30,unripe
729.10,712.70,713.10,unripe
730.30,713.30,713.80,unripe
729.60,712.90,712.60,unripe
729.60,712.00,712.10,unripe
729.20,710.30,711.90,unripe
728.70,711.50,712.10,unripe
728.30,711.50,711.70,unripe
728.30,712.20,711.70,unripe
727.80,711.40,711.30,unripe
727.20,710.30,710.00,unripe
727.00,710.60,711.60,unripe
726.80,711.40,711.30,unripe
726.90,711.40,711.50,unripe
727.00,711.70,711.80,unripe
727.00,712.60,713.20,unripe
729.30,712.80,713.20,unripe
728.80,712.90,713.50,unripe
727.70,712.00,712.60,unripe
727.40,711.90,712.90,unripe
728.20,712.40,711.50,unripe
727.20,711.80,712.40,unripe
727.80,712.20,712.70,unripe
726.20,711.40,712.60,unripe
726.20,711.40,711.80,unripe
723.30,708.50,708.80,unripe
724.30,709.40,708.70,unripe
722.50,708.70,708.80,unripe
722.30,708.10,708.40,unripe
720.90,707.90,707.30,unripe
720.20,706.00,708.00,unripe
720.80,707.60,707.40,unripe
720.60,705.60,705.40,unripe
719.50,705.20,705.10,unripe
720.00,706.80,706.70,unripe
724.50,708.00,712.00,unripe
726.30,711.10,709.00,unripe
722.80,710.10,709.40,unripe
722.20,709.30,708.90,unripe
719.50,707.00,706.00,unripe
717.70,705.40,705.30,unripe
717.20,704.40,704.70,unripe
717.70,706.50,706.60,unripe
716.50,704.90,705.50,unripe
717.30,705.20,705.40,unripe
717.80,707.00,707.20,unripe
718.90,707.00,708.10,unripe
719.60,707.90,707.70,unripe
719.50,708.80,708.70,unripe
720.00,709.90,710.30,unripe
721.30,709.90,710.30,unripe
721.00,710.50,710.70,unripe
721.70,710.20,710.70,unripe
722.20,711.10,712.20,unripe
723.20,711.90,712.50,unripe
723.20,711.40,712.90,unripe
723.70,712.20,712.50,unripe
723.50,712.70,713.00,unripe
722.80,712.10,712.50,unripe
722.90,711.90,712.70,unripe
724.00,712.10,712.30,unripe
722.50,710.50,710.10,unripe
721.60,708.30,707.30,unripe
720.00,705.20,705.90,unripe
720.10,706.40,707.00,unripe
719.50,706.30,706.20,unripe
720.30,707.00,707.00,unripe
720.20,706.50,707.50,unripe
720.10,707.00,708.10,unripe
721.40,708.30,707.90,unripe
720.30,707.70,707.50,unripe
720.20,707.90,707.10,unripe
720.40,707.30,707.20,unripe
718.30,706.10,706.20,unripe
718.70,704.50,704.90,unripe
718.10,704.60,704.20,unripe
717.00,703.40,703.10,unripe
715.90,702.00,702.20,unripe
716.20,703.20,703.00,unripe
716.10,702.60,702.20,unripe
715.80,701.00,700.60,unripe
713.30,699.60,699.60,unripe
713.80,699.60,699.30,unripe
712.00,698.60,697.60,unripe
711.40,697.80,697.90,unripe
712.00,697.60,696.80,unripe
712.10,702.30,703.70,unripe
718.20,706.80,708.40,unripe
721.20,706.70,706.10,unripe
721.30,705.60,706.20,unripe
720.70,705.60,706.00,unripe
720.50,705.00,705.20,unripe
720.20,704.50,704.80,unripe
721.20,707.30,706.20,unripe
721.40,707.10,707.40,unripe
720.80,706.80,707.30,unripe
720.70,705.70,706.20,unripe
720.10,706.30,705.50,unripe
719.70,707.20,707.40,unripe
721.10,707.40,707.30,unripe
721.40,707.60,707.30,unripe
720.40,707.00,707.50,unripe
720.70,706.80,708.40,unripe
721.20,706.90,707.70,unripe
724.30,713.30,714.20,unripe
730.60,714.50,714.80,unripe
730.60,713.70,713.50,unripe
730.20,713.20,713.40,unripe
730.50,713.10,712.50,unripe
729.90,712.50,712.20,unripe
730.30,712.00,712.20,unripe
729.20,711.30,711.90,unripe
728.90,711.40,711.20,unripe
728.60,710.90,711.50,unripe
729.60,711.50,711.30,unripe
728.70,710.60,710.80,unripe
728.90,709.60,709.30,unripe
728.50,710.20,708.00,unripe
725.00,706.30,707.30,unripe
726.00,706.90,706.50,unripe
725.10,707.00,707.10,unripe
723.20,705.00,704.90,unripe
723.30,704.80,705.40,unripe
724.00,706.50,706.60,unripe
724.10,706.20,705.50,unripe
724.10,706.30,706.60,unripe
722.80,704.60,704.50,unripe
721.90,703.40,702.90,unripe
720.60,702.90,701.60,unripe
719.10,702.50,701.80,unripe
718.80,700.90,700.50,unripe
716.60,699.60,700.10,unripe
716.40,699.40,699.30,unripe
718.60,701.50,700.80,unripe
718.50,701.20,701.80,unripe
718.90,701.80,702.10,unripe
717.60,701.00,701.00,unripe
719.50,702.90,702.30,unripe
719.00,702.00,701.80,unripe
719.70,703.00,703.10,unripe
720.50,703.70,702.80,unripe
720.10,704.40,703.40,unripe
719.50,703.00,703.40,unripe
719.50,703.10,703.00,unripe
720.20,702.50,702.70,unripe
718.70,702.50,702.90,unripe
719.20,702.40,702.70,unripe
720.30,703.20,703.30,unripe
720.30,703.80,703.60,unripe
720.50,704.20,704.20,unripe
719.40,703.20,703.60,unripe
722.10,705.20,705.20,unripe
721.40,704.50,704.80,unripe
722.80,709.30,707.20,unripe
721.00,704.50,704.20,unripe
721.20,703.20,702.60,unripe
719.30,702.80,702.30,unripe
719.30,701.70,701.90,unripe
718.20,700.30,700.10,unripe
717.90,700.40,699.70,unripe
716.80,700.10,699.60,unripe
716.50,699.80,700.70,unripe
717.50,700.60,700.40,unripe
717.80,701.50,701.50,unripe
718.50,702.10,701.60,unripe
718.20,701.60,701.00,unripe
718.00,700.20,699.40,unripe
717.10,701.70,701.80,unripe
718.80,702.40,702.70,unripe
717.80,700.60,700.60,unripe
717.20,701.30,701.20,unripe
717.70,701.40,700.30,unripe
717.20,701.00,700.80,unripe
717.70,700.50,700.70,unripe
717.90,700.90,700.80,unripe
717.90,701.20,701.30,unripe
721.40,706.10,705.80,unripe
717.90,705.20,704.80,unripe
718.50,703.70,704.70,unripe
717.60,703.40,704.20,unripe
716.80,702.20,702.30,unripe
716.50,701.30,701.20,unripe
716.10,702.10,701.60,unripe
715.90,701.10,702.00,unripe
716.10,701.40,702.00,unripe
716.00,701.50,701.60,unripe
716.00,701.80,702.40,unripe
715.80,701.60,701.70,unripe
716.00,701.30,701.80,unripe
716.90,702.80,702.70,unripe
716.00,701.60,701.20,unripe
715.60,701.70,701.30,unripe
716.40,701.80,701.20,unripe
715.70,701.20,698.20,unripe
714.70,696.50,696.40,unripe
714.70,697.70,697.80,unripe
715.60,697.80,697.90,unripe
716.20,698.60,697.80,unripe
714.60,697.60,697.00,unripe
712.50,696.50,695.80,unripe
716.60,706.70,706.00,unripe
727.60,708.00,705.60,unripe
725.10,708.40,707.60,unripe
724.70,707.00,707.00,unripe
724.10,706.70,706.40,unripe
721.60,704.20,703.10,unripe
718.20,702.50,702.10,unripe
718.60,702.30,703.50,unripe
719.20,703.60,703.60,unripe
717.10,701.10,702.20,unripe
718.20,703.40,702.30,unripe
715.30,700.60,699.90,unripe
715.00,698.00,697.80,unripe
711.60,696.80,696.40,unripe
710.40,695.80,696.00,unripe
707.20,693.30,693.50,unripe
708.70,694.40,693.90,unripe
708.40,694.10,693.30,unripe
707.30,693.30,692.50,unripe
707.70,692.70,692.70,unripe
709.40,699.00,698.30,unripe
711.50,697.20,697.10,unripe
711.20,696.00,697.30,unripe
713.20,698.60,699.10,unripe
715.30,702.00,701.60,unripe
716.70,702.40,703.20,unripe
717.20,704.20,704.50,unripe
720.40,709.20,708.30,unripe
720.90,706.30,704.90,unripe
717.20,702.40,702.70,unripe
718.30,704.20,705.40,unripe
719.20,706.10,705.70,unripe
719.40,705.50,705.70,unripe
719.40,706.10,706.10,unripe
718.90,706.10,706.20,unripe
719.10,706.40,706.70,unripe
720.60,708.00,707.70,unripe
721.00,707.30,707.10,unripe
720.60,707.80,708.00,unripe
720.20,707.50,707.90,unripe
719.40,706.50,705.90,unripe
719.30,705.70,706.10,unripe
718.40,702.80,703.50,unripe
718.70,703.50,703.60,unripe
719.30,704.30,703.80,unripe
720.00,703.80,704.30,unripe
718.80,703.70,705.00,unripe
720.00,704.80,705.70,unripe
719.10,704.10,704.40,unripe
718.50,703.80,703.90,unripe
718.50,704.10,704.30,unripe
718.60,704.30,704.30,unripe
718.60,704.40,703.80,unripe
718.50,703.50,703.30,unripe
719.10,704.50,706.00,unripe
722.10,707.80,707.30,unripe
723.00,708.30,708.90,unripe
723.10,707.80,708.30,unripe
722.10,706.80,707.00,unripe
721.80,707.00,706.50,unripe
721.30,707.40,707.20,unripe
721.80,706.30,707.10,unripe
722.30,706.70,706.40,unripe
720.60,705.30,705.20,unripe
720.40,705.50,705.30,unripe
720.90,705.80,705.90,unripe
720.80,705.30,704.90,unripe
720.40,705.20,704.80,unripe
720.00,705.50,705.70,unripe
721.50,706.80,707.90,unripe
722.60,707.20,706.60,unripe
721.60,706.60,707.00,unripe
721.20,706.10,706.70,unripe
722.30,706.80,707.10,unripe
722.80,707.90,708.20,unripe
723.40,708.40,710.20,unripe
725.40,708.00,708.00,unripe
724.10,706.40,705.90,unripe
724.50,705.60,705.40,unripe
723.10,705.30,704.80,unripe
724.20,706.30,706.20,unripe
722.20,704.60,705.10,unripe
720.90,703.70,703.10,unripe
719.70,703.30,703.10,unripe
720.40,703.50,703.50,unripe
721.10,703.70,703.50,unripe
719.80,703.50,704.50,unripe
721.30,705.10,705.40,unripe
721.40,704.90,705.30,unripe
721.50,705.20,706.00,unripe
722.90,705.50,706.70,unripe
723.10,707.20,707.30,unripe
723.30,707.20,706.50,unripe
723.20,706.10,705.80,unripe
722.30,705.80,705.70,unripe
722.40,706.20,706.50,unripe
722.30,705.80,705.80,unripe
722.30,705.90,706.10,unripe
722.30,706.20,706.90,unripe
722.40,706.80,706.90,unripe
723.20,707.20,707.50,unripe
723.40,707.70,707.10,unripe
723.20,707.00,707.20,unripe
722.90,707.10,708.50,unripe
724.00,707.80,708.80,unripe
724.30,708.50,708.80,unripe
724.20,708.60,708.80,unripe
724.10,709.40,710.10,unripe
724.60,709.10,710.10,unripe
725.90,709.50,709.50,unripe
724.70,708.80,709.10,unripe
724.20,708.30,708.40,unripe
724.90,708.10,708.00,unripe
724.70,708.20,709.30,unripe
724.10,707.80,707.70,unripe
723.40,706.40,706.60,unripe
779.20,651.80,624.00,unripe
785.10,661.50,632.70,unripe
784.40,661.50,633.70,unripe
786.00,661.20,630.80,unripe
784.30,659.80,630.90,unripe
783.80,659.00,631.20,unripe
784.80,659.00,629.00,unripe
784.00,659.70,631.10,unripe
784.30,655.00,622.70,unripe
783.00,658.20,630.10,unripe
783.40,658.90,631.20,unripe
784.60,659.40,630.30,unripe
785.00,661.90,634.20,unripe
784.40,658.00,628.00,unripe
780.40,650.70,620.10,unripe
776.40,647.90,622.20,unripe
779.60,653.50,623.80,unripe
781.40,656.00,627.40,unripe
782.60,657.40,628.70,unripe
783.40,657.20,627.30,unripe
782.20,655.70,626.30,unripe
778.20,651.60,627.00,unripe
779.00,647.30,615.90,unripe
776.80,650.10,622.60,unripe
782.20,658.30,630.20,unripe
784.70,660.40,632.20,unripe
785.40,661.70,633.40,unripe
785.80,660.50,629.10,unripe
781.30,656.50,628.30,unripe
782.60,656.10,625.90,unripe
780.80,653.60,623.50,unripe
781.20,654.30,624.30,unripe
782.50,657.40,628.20,unripe
675.40,343.70,252.40,unripe
560.00,312.90,239.30,unripe
544.30,303.60,229.90,unripe
572.20,490.50,504.40,unripe
752.10,630.00,604.70,unripe
762.40,630.50,601.10,unripe
774.80,650.00,626.50,unripe
790.60,674.20,644.70,unripe
793.60,677.10,642.10,unripe
767.90,629.70,597.60,unripe
778.50,650.50,619.10,unripe
778.90,647.70,612.50,unripe
770.30,639.20,611.00,unripe
775.40,650.10,613.70,unripe
771.30,659.70,646.90,unripe
800.30,685.40,664.50,unripe
803.10,672.30,642.40,unripe
749.10,536.60,477.20,unripe
698.60,558.80,615.80,unripe
775.90,650.10,621.10,unripe
776.20,646.30,617.00,unripe
775.50,648.00,617.50,unripe
779.70,659.50,631.80,unripe
781.60,656.40,626.70,unripe
780.10,658.90,625.20,unripe
780.20,650.40,621.20,unripe
779.40,657.60,623.30,unripe
773.40,640.70,591.90,unripe
732.70,587.70,594.40,unripe
779.00,656.10,631.80,unripe
786.10,663.60,635.30,unripe
728.90,535.00,492.20,unripe
704.60,546.10,529.60,unripe
745.80,651.60,629.90,unripe
768.00,623.30,606.00,unripe
736.90,571.60,485.30,unripe
610.20,321.50,483.30,unripe
757.80,370.10,196.40,unripe
506.10,245.80,407.30,unripe
779.40,675.10,656.00,unripe
796.30,679.50,656.00,unripe
799.00,681.70,653.60,unripe
793.70,657.10,567.60,unripe
786.90,614.90,635.30,unripe
786.00,669.80,608.50,unripe
708.00,444.00,247.80,unripe
498.80,217.40,131.00,unripe
457.50,210.60,129.10,unripe
449.50,208.70,129.20,unripe
445.70,208.00,129.00,unripe
443.60,207.60,128.90,unripe
442.20,207.40,128.40,unripe
441.40,207.30,128.50,unripe
440.70,207.40,128.70,unripe
440.50,207.30,128.30,unripe
440.20,207.10,128.60,unripe
439.90,207.20,128.70,unripe
439.40,207.50,129.00,unripe
439.70,207.50,128.90,unripe
439.70,207.50,128.80,unripe
445.50,341.40,485.70,unripe
772.30,627.90,664.10,unripe
802.30,698.80,674.50,unripe
806.50,708.90,681.90,unripe
807.70,690.80,654.20,unripe
782.40,653.70,621.00,unripe
742.30,629.60,599.80,unripe
760.90,630.50,610.00,unripe
768.40,638.40,609.80,unripe
775.00,643.60,620.90,unripe
781.90,660.40,632.60,unripe
785.40,661.00,632.20,unripe
783.60,660.30,634.30,unripe
786.10,662.10,633.50,unripe
785.30,659.30,630.90,unripe
785.10,662.30,634.50,unripe
787.00,654.70,619.30,unripe
740.10,551.40,448.90,unripe
759.00,541.40,448.60,unripe
725.50,599.40,584.80,unripe
741.90,487.90,422.90,unripe
657.10,522.20,504.50,unripe
692.50,469.10,388.70,unripe
628.70,544.00,570.90,unripe
801.70,690.70,664.90,unripe
804.60,692.60,665.60,unripe
804.80,692.20,665.30,unripe
805.00,691.60,664.60,unripe
804.70,691.70,664.70,unripe
804.60,691.60,665.50,unripe
805.10,691.80,664.70,unripe
804.80,691.70,665.00,unripe
805.00,691.80,664.80,unripe
804.90,691.80,664.90,unripe
804.70,691.60,664.90,unripe
804.80,691.60,664.40,unripe
804.80,691.70,664.20,unripe
786.80,677.50,668.70,unripe
816.60,710.60,690.80,unripe
821.10,713.10,686.40,unripe
815.30,709.40,685.70,unripe
812.00,700.80,672.20,unripe
809.10,699.10,674.20,unripe
810.50,700.30,674.10,unripe
797.20,682.40,656.60,unripe
810.50,700.80,675.40,unripe
811.60,702.90,681.00,unripe
736.40,636.70,582.60,unripe
814.50,710.90,686.80,unripe
818.10,712.60,687.50,unripe
818.60,712.60,687.50,unripe
818.60,713.00,688.60,unripe
819.70,714.30,688.80,unripe
819.10,713.30,688.20,unripe
819.40,713.70,688.30,unripe
819.40,712.60,679.30,unripe
781.80,604.10,520.10,unripe
671.10,498.00,545.90,unripe
777.50,696.20,677.50,unripe
814.60,708.00,682.90,unripe
815.80,709.60,684.90,unripe
817.70,712.50,688.50,unripe
820.10,715.40,690.60,unripe
820.80,715.50,690.40,unripe
820.50,715.60,691.30,unripe
821.10,716.10,690.00,unripe
821.00,716.40,682.60,unripe
820.80,717.90,696.00,unripe
824.80,718.60,691.80,unripe
819.60,697.90,679.00,unripe
820.50,716.30,693.50,unripe
823.90,719.90,692.80,unripe
814.80,683.30,645.10,unripe
778.60,594.30,426.80,unripe
573.40,433.70,518.40,unripe
787.20,681.80,657.10,unripe
777.40,652.00,622.90,unripe
781.10,661.90,634.10,unripe
775.60,651.00,620.30,unripe
777.00,653.90,623.70,unripe
778.00,655.10,626.40,unripe
787.00,702.90,682.60,unripe
815.80,709.10,684.40,unripe
816.10,709.40,684.20,unripe
814.90,707.20,681.50,unripe
814.30,707.20,681.70,unripe
812.80,704.80,678.50,unripe
811.50,704.50,680.00,unripe
817.40,713.20,688.90,unripe
818.70,713.60,689.30,unripe
818.70,712.40,686.40,unripe
818.70,713.70,688.50,unripe
817.90,711.40,686.90,unripe
818.60,712.80,687.30,unripe
817.40,711.20,686.10,unripe
817.50,711.00,686.40,unripe
817.10,710.80,685.50,unripe
816.10,709.50,685.10,unripe
816.60,710.10,685.20,unripe
816.60,710.80,685.60,unripe
816.30,709.80,684.80,unripe
816.20,709.30,685.10,unripe
811.40,708.20,680.60,unripe
812.20,703.60,678.00,unripe
810.80,702.10,677.00,unripe
813.60,711.80,688.00,unripe
820.20,715.90,690.80,unripe
822.40,720.80,697.00,unripe
820.80,714.30,686.70,unripe
794.00,675.90,648.20,unripe
800.90,688.90,661.30,unripe
794.70,674.10,649.60,unripe
801.90,690.30,662.70,unripe
802.90,691.40,666.20,unripe
803.80,692.80,667.70,unripe
806.10,695.30,670.30,unripe
806.50,698.10,669.50,unripe
807.40,699.20,673.50,unripe
810.00,701.70,675.60,unripe
807.60,698.50,672.60,unripe
807.00,695.20,666.00,unripe
749.60,592.60,552.30,unripe
730.50,580.90,542.90,unripe
728.90,582.10,537.90,unripe
727.70,580.80,543.20,unripe
720.80,567.50,530.60,unripe
720.50,570.40,532.00,unripe
719.10,566.10,527.80,unripe
716.70,567.50,530.00,unripe
718.80,567.40,528.80,unripe
718.80,567.40,529.90,unripe
718.20,567.00,528.40,unripe
718.00,567.20,529.50,unripe
718.80,568.00,531.00,unripe
721.40,574.80,538.90,unripe
723.70,570.00,530.70,unripe
720.30,570.70,534.20,unripe
724.70,575.70,537.00,unripe
723.60,574.40,538.30,unripe
723.50,574.90,537.20,unripe
722.50,571.60,533.10,unripe
722.90,574.40,536.90,unripe
723.40,575.20,536.80,unripe
722.30,579.70,554.90,unripe
798.30,702.00,678.30,unripe
812.40,704.60,676.60,unripe
808.60,700.70,675.60,unripe
810.40,703.50,679.40,unripe
811.20,701.00,677.00,unripe
809.10,700.10,678.70,unripe
807.50,695.00,665.40,unripe
805.80,696.30,670.30,unripe
809.40,703.80,676.40,unripe
807.70,696.00,666.30,unripe
805.90,695.00,668.00,unripe
805.10,692.30,665.10,unripe
801.60,689.20,662.30,unripe
809.90,704.70,680.40,unripe
814.20,683.80,646.80,unripe
760.40,653.00,644.70,unripe
809.60,697.90,669.70,unripe
805.80,696.20,672.00,unripe
808.60,702.20,679.60,unripe
815.10,706.40,677.00,unripe
814.20,709.00,684.80,unripe
816.50,709.60,683.50,unripe
815.60,710.00,685.20,unripe
811.50,699.80,672.40,unripe
807.70,697.90,672.20,unripe
802.50,687.30,660.40,unripe
802.40,688.80,660.40,unripe
801.40,690.20,663.30,unripe
801.70,688.20,656.30,unripe
802.30,705.60,681.00,unripe
814.60,711.20,687.80,unripe
817.60,712.30,687.30,unripe
817.50,711.30,686.00,unripe
815.90,710.00,685.20,unripe
817.70,712.70,688.20,unripe
818.40,713.00,688.30,unripe
818.50,711.20,681.90,unripe
801.70,686.30,665.10,unripe
817.20,718.00,695.90,unripe
823.90,721.40,697.70,unripe
824.00,720.70,696.40,unripe
823.40,713.40,681.80,unripe
822.10,718.50,694.20,unripe
821.90,717.60,693.30,unripe
821.60,716.60,693.90,unripe
823.70,720.70,697.10,unripe
823.90,720.60,696.60,unripe
823.70,720.60,696.50,unripe
823.30,719.80,695.60,unripe
821.40,714.90,693.00,unripe
823.70,720.80,696.20,unripe
804.20,717.70,696.10,unripe
823.30,719.90,695.90,unripe
823.50,720.50,696.40,unripe
823.60,720.20,697.00,unripe
823.80,720.90,697.00,unripe
823.90,720.90,696.70,unripe
823.50,720.10,696.50,unripe
823.40,720.10,696.30,unripe
823.20,720.20,696.40,unripe
823.40,720.90,697.20,unripe
823.80,720.10,695.10,unripe
822.40,719.10,695.80,unripe
823.50,720.60,696.70,unripe
823.70,720.60,696.80,unripe
823.70,720.90,696.80,unripe
823.60,720.40,696.00,unripe
816.70,708.90,683.40,unripe
816.40,712.10,687.40,unripe
814.10,698.30,669.00,unripe
789.20,658.80,622.80,unripe
774.40,648.00,619.00,unripe
772.20,656.50,623.30,unripe
767.90,640.20,634.60,unripe
777.00,656.50,628.20,unripe
779.20,654.30,622.00,unripe
766.00,635.70,622.40,unripe
789.70,674.60,648.70,unripe
793.80,677.80,650.10,unripe
793.80,677.40,649.60,unripe
793.70,676.70,649.20,unripe
793.30,676.70,648.60,unripe
792.70,676.00,649.70,unripe
794.50,678.60,650.30,unripe
793.00,671.60,647.40,unripe
496.10,272.10,265.40,ripe
522.10,286.90,274.60,ripe
528.60,288.30,274.60,ripe
531.20,288.80,274.90,ripe
531.70,287.70,273.70,ripe
534.30,292.20,278.60,ripe
535.60,291.50,277.20,ripe
535.00,290.50,277.00,ripe
535.40,290.90,276.80,ripe
535.90,291.10,277.00,ripe
536.10,291.40,277.60,ripe
536.30,291.10,276.80,ripe
536.30,291.40,277.80,ripe
536.60,290.90,277.10,ripe
536.40,290.80,276.50,ripe
536.70,291.20,277.30,ripe
536.60,291.30,277.20,ripe
536.60,290.80,276.20,ripe
536.80,291.80,278.00,ripe
537.60,291.90,274.90,ripe
530.50,281.30,266.90,ripe
531.20,281.50,269.20,ripe
533.10,284.30,266.80,ripe
527.30,277.10,264.50,ripe
530.80,284.90,272.00,ripe
535.40,290.60,276.70,ripe
536.60,291.40,277.30,ripe
537.10,294.20,279.50,ripe
537.60,292.10,277.10,ripe
536.80,290.10,276.60,ripe
538.10,292.80,278.90,ripe
538.00,292.30,277.30,ripe
537.90,293.50,279.90,ripe
539.90,296.80,284.00,ripe
540.50,297.80,282.30,ripe
541.20,296.00,280.10,ripe
538.80,293.70,282.10,ripe
542.20,299.30,285.30,ripe
520.80,249.60,202.70,ripe
478.70,197.80,175.00,ripe
471.00,199.00,180.60,ripe
471.80,200.80,163.40,ripe
441.30,174.30,190.40,ripe
521.80,285.70,275.50,ripe
528.30,274.40,256.50,ripe
521.20,269.20,253.30,ripe
523.30,274.10,259.30,ripe
527.00,275.40,252.80,ripe
510.20,262.40,252.10,ripe
523.30,278.10,261.80,ripe
527.00,284.50,280.10,ripe
544.70,311.40,299.90,ripe
526.80,262.70,242.70,ripe
534.60,305.40,294.50,ripe
556.10,331.30,316.50,ripe
536.60,253.10,220.30,ripe
557.20,333.90,320.70,ripe
563.50,333.90,321.50,ripe
563.60,333.30,321.30,ripe
564.40,333.80,321.10,ripe
564.20,331.90,297.80,ripe
513.50,241.60,237.10,ripe
540.00,307.70,303.70,ripe
555.20,323.90,308.40,ripe
534.50,287.30,279.20,ripe
520.50,256.40,237.60,ripe
530.80,306.70,306.00,ripe
569.10,345.10,338.00,ripe
556.60,304.90,290.50,ripe
553.10,317.80,258.80,ripe
447.20,148.20,124.90,ripe
413.00,121.70,99.90,ripe
409.80,126.70,104.10,ripe
411.40,131.20,108.80,ripe
410.30,131.00,109.30,ripe
411.90,140.20,124.70,ripe
420.70,149.30,127.30,ripe
422.10,148.10,127.80,ripe
423.50,146.80,122.70,ripe
415.60,137.00,123.70,ripe
429.70,154.30,126.10,ripe
420.20,138.30,115.20,ripe
521.40,303.60,293.00,ripe
543.10,317.30,306.30,ripe
544.80,314.70,285.60,ripe
475.40,187.90,187.60,ripe
383.50,65.60,32.80,ripe
335.90,59.60,31.40,ripe
325.30,56.60,30.40,ripe
320.70,56.20,29.60,ripe
317.50,55.80,29.70,ripe
315.40,55.50,30.10,ripe
313.90,55.50,30.10,ripe
312.20,54.60,28.70,ripe
310.40,54.30,29.50,ripe
310.60,55.00,29.80,ripe
310.50,54.90,29.30,ripe
310.10,54.80,29.70,ripe
309.60,55.10,30.00,ripe
308.80,54.20,30.00,ripe
308.90,54.30,29.90,ripe
309.00,54.40,28.80,ripe
308.40,54.90,29.70,ripe
308.50,54.50,30.00,ripe
308.50,54.70,29.30,ripe
308.20,54.90,29.30,ripe
308.20,54.60,29.40,ripe
307.80,54.20,29.40,ripe
307.40,54.30,29.80,ripe
308.10,54.70,29.10,ripe
307.50,54.10,28.50,ripe
307.50,54.30,29.60,ripe
307.20,54.60,30.30,ripe
450.50,278.90,294.00,ripe
536.60,326.30,319.00,ripe
544.30,311.60,286.90,ripe
525.10,284.50,273.00,ripe
535.10,303.20,290.60,ripe
541.30,305.40,290.50,ripe
538.00,297.00,283.30,ripe
538.10,298.00,284.50,ripe
538.50,297.50,283.30,ripe
537.80,295.40,282.10,ripe
537.70,296.40,283.10,ripe
539.70,298.30,285.30,ripe
541.30,299.50,286.40,ripe
543.20,303.00,288.30,ripe
543.40,301.80,287.30,ripe
542.10,299.80,285.90,ripe
541.90,297.00,282.20,ripe
539.90,296.20,282.90,ripe
542.00,302.00,288.10,ripe
543.90,302.70,288.90,ripe
543.30,300.60,286.90,ripe
545.00,305.40,292.40,ripe
550.90,314.40,301.90,ripe
553.80,316.30,303.40,ripe
554.20,316.60,303.60,ripe
614.00,373.00,361.30,ripe
622.60,377.40,364.30,ripe
625.20,379.20,366.10,ripe
626.70,380.10,366.80,ripe
627.80,380.50,366.30,ripe
627.90,381.10,367.50,ripe
628.50,381.60,368.00,ripe
629.20,382.40,368.70,ripe
630.60,384.80,370.60,ripe
631.20,385.70,372.00,ripe
631.30,384.70,370.30,ripe
631.50,385.70,372.30,ripe
632.30,386.90,373.20,ripe
632.90,386.20,372.50,ripe
632.40,386.60,373.20,ripe
632.70,387.80,374.20,ripe
633.10,388.00,374.20,ripe
633.30,388.00,374.70,ripe
634.00,389.00,375.10,ripe
633.60,388.30,375.10,ripe
634.10,389.40,376.50,ripe
635.20,391.00,376.60,ripe
633.90,388.30,374.40,ripe
633.40,388.30,374.60,ripe
633.90,388.60,374.60,ripe
632.70,386.90,373.60,ripe
631.40,383.40,367.90,ripe
630.30,382.30,368.70,ripe
630.30,381.90,368.20,ripe
629.50,381.20,366.20,ripe
627.20,378.80,365.00,ripe
627.80,378.60,365.00,ripe
630.00,383.80,370.80,ripe
631.40,381.80,367.90,ripe
631.40,385.40,371.90,ripe
632.70,387.60,374.30,ripe
633.90,388.60,375.50,ripe
635.00,390.60,377.30,ripe
636.40,392.50,378.30,ripe
635.30,390.70,377.10,ripe
635.40,390.50,376.90,ripe
635.40,391.20,377.60,ripe
636.90,393.50,379.60,ripe
637.40,394.70,381.40,ripe
637.40,393.90,380.20,ripe
637.20,393.80,380.60,ripe
637.30,393.70,380.50,ripe
637.40,394.10,380.50,ripe
637.30,394.30,380.80,ripe
637.60,394.20,381.00,ripe
637.50,394.60,381.10,ripe
637.70,394.70,381.60,ripe
638.10,395.00,381.80,ripe
638.00,394.60,381.00,ripe
637.50,394.40,380.40,ripe
637.10,393.90,380.70,ripe
637.70,394.50,380.90,ripe
637.70,394.90,382.00,ripe
638.70,396.40,383.00,ripe
638.80,396.40,382.50,ripe
638.60,396.40,382.90,ripe
638.70,396.50,382.90,ripe
639.10,396.70,383.80,ripe
639.10,397.10,383.40,ripe
639.10,396.60,383.30,ripe
639.00,396.60,383.40,ripe
639.00,397.20,384.00,ripe
639.40,397.60,384.00,ripe
639.60,398.20,385.10,ripe
639.90,398.10,384.60,ripe
639.80,398.20,384.60,ripe
639.60,397.70,384.40,ripe
639.80,397.80,384.60,ripe
640.10,398.40,385.40,ripe
640.20,398.30,384.90,ripe
640.40,398.50,385.00,ripe
640.10,398.50,385.40,ripe
640.30,399.40,385.70,ripe
640.40,399.10,386.10,ripe
640.60,399.10,386.00,ripe
640.70,399.80,386.00,ripe
640.40,399.00,385.80,ripe
640.50,399.60,386.40,ripe
640.60,399.40,385.50,ripe
640.20,399.30,386.30,ripe
640.50,399.60,385.80,ripe
640.90,399.80,386.50,ripe
640.90,400.40,386.80,ripe
641.20,400.40,387.30,ripe
641.20,400.40,387.50,ripe
641.50,400.40,387.60,ripe
641.80,401.20,387.80,ripe
641.60,400.90,387.80,ripe
641.40,401.00,387.60,ripe
641.60,401.10,387.60,ripe
641.60,401.00,388.00,ripe
641.30,401.00,387.70,ripe
641.60,400.30,387.20,ripe
641.40,400.90,388.00,ripe
641.90,401.30,388.10,ripe
642.00,401.40,388.20,ripe
642.20,401.20,387.90,ripe
641.00,397.70,382.20,ripe
629.00,370.80,346.30,ripe
608.70,338.70,323.80,ripe
592.90,339.80,328.30,ripe
603.10,360.30,347.90,ripe
620.40,391.00,379.80,ripe
626.30,394.50,382.00,ripe
628.10,397.30,384.70,ripe
629.20,397.20,384.30,ripe
628.90,397.20,384.20,ripe
629.50,398.20,384.90,ripe
629.30,397.80,384.60,ripe
628.20,395.50,382.00,ripe
627.40,394.30,381.40,ripe
627.00,394.90,382.10,ripe
627.40,394.80,381.80,ripe
627.70,394.60,381.90,ripe
627.80,395.40,382.40,ripe
628.00,395.70,382.70,ripe
628.40,396.00,382.80,ripe
628.50,396.10,382.90,ripe
628.50,396.30,383.30,ripe
628.40,396.20,383.80,ripe
628.90,396.70,383.90,ripe
628.90,397.10,383.80,ripe
628.80,396.20,383.30,ripe
628.60,396.30,383.40,ripe
629.50,398.00,385.30,ripe
630.20,398.50,385.30,ripe
630.20,398.70,386.00,ripe
630.40,398.70,385.90,ripe
630.30,399.10,386.20,ripe
630.40,399.50,386.50,ripe
630.40,399.10,386.50,ripe
631.10,400.40,387.50,ripe
631.30,400.60,387.70,ripe
630.50,398.10,384.50,ripe
629.30,397.30,384.20,ripe
628.80,396.20,383.20,ripe
628.70,396.70,383.50,ripe
628.70,396.70,383.70,ripe
629.20,396.80,383.60,ripe
629.10,397.00,383.60,ripe
628.60,396.40,383.30,ripe
628.60,396.60,383.90,ripe
629.20,397.70,384.90,ripe
629.70,397.90,384.50,ripe
629.20,397.00,384.40,ripe
629.30,397.20,383.70,ripe
627.50,393.30,379.30,ripe
625.40,390.50,378.50,ripe
628.60,398.20,385.30,ripe
629.30,398.00,385.20,ripe
630.20,398.70,385.40,ripe
630.40,399.20,385.90,ripe
629.70,399.00,386.00,ripe
629.20,355.90,282.20,ripe
588.10,364.90,368.50,ripe
638.90,420.20,411.00,ripe
645.60,425.40,414.20,ripe
647.60,427.10,415.50,ripe
648.40,427.20,415.60,ripe
648.70,427.40,415.60,ripe
647.00,425.90,414.80,ripe
647.40,426.30,414.80,ripe
648.60,427.30,415.80,ripe
648.60,426.10,413.90,ripe
647.60,425.80,414.20,ripe
647.50,425.10,413.20,ripe
647.30,425.10,413.30,ripe
647.70,425.70,413.80,ripe
647.40,424.90,413.30,ripe
647.40,425.00,413.90,ripe
647.70,425.90,414.10,ripe
647.90,425.80,413.70,ripe
647.80,425.30,413.20,ripe
647.00,424.00,412.40,ripe
646.90,423.90,411.60,ripe
646.00,423.60,412.90,ripe
647.80,425.70,414.20,ripe
647.50,425.10,413.40,ripe
647.90,426.20,413.40,ripe
645.60,420.60,409.70,ripe
646.30,423.50,410.70,ripe
645.90,425.90,416.10,ripe
649.10,428.80,417.60,ripe
650.10,430.00,418.50,ripe
650.00,429.50,418.20,ripe
649.60,428.40,414.50,ripe
645.00,422.00,408.90,ripe
645.10,422.30,410.20,ripe
647.30,432.50,423.10,ripe
652.50,433.50,422.00,ripe
652.80,434.30,422.60,ripe
654.70,440.00,429.50,ripe
656.90,440.70,429.60,ripe
656.90,440.60,429.60,ripe
657.20,441.00,429.80,ripe
656.90,440.20,429.30,ripe
656.50,437.40,425.40,ripe
652.30,430.20,416.20,ripe
645.60,416.10,396.00,ripe
636.20,407.30,395.60,ripe
636.40,407.70,395.00,ripe
636.00,408.00,394.00,ripe
633.40,403.40,391.50,ripe
634.80,405.70,393.00,ripe
634.40,405.60,393.00,ripe
634.40,405.80,393.60,ripe
635.30,407.10,394.70,ripe
635.50,406.50,394.90,ripe
635.30,406.90,394.30,ripe
635.70,407.50,395.10,ripe
635.70,407.20,394.80,ripe
636.20,407.50,394.90,ripe
636.20,408.50,395.40,ripe
635.60,407.40,395.40,ripe
635.90,407.80,394.90,ripe
636.90,407.80,394.70,ripe
636.20,411.30,400.70,ripe
639.10,416.80,411.80,ripe
647.20,426.80,415.90,ripe
648.40,428.20,416.20,ripe
648.70,428.00,416.30,ripe
648.90,428.00,416.60,ripe
648.90,427.90,415.80,ripe
648.30,426.80,413.10,ripe
644.80,421.20,412.60,ripe
648.50,427.80,416.10,ripe
648.80,428.10,416.00,ripe
648.80,427.70,416.20,ripe
648.80,427.30,415.40,ripe
648.10,427.20,414.70,ripe
646.90,419.80,409.70,ripe
648.00,428.20,415.90,ripe
649.40,429.50,418.10,ripe
649.40,428.20,416.20,ripe
648.30,427.70,416.30,ripe
648.70,428.70,417.00,ripe
649.60,429.20,414.80,ripe
646.50,425.90,415.60,ripe
647.60,426.70,415.00,ripe
647.50,426.40,414.80,ripe
647.60,427.00,415.40,ripe
647.80,427.20,415.50,ripe
645.10,420.10,411.00,ripe
646.20,425.50,414.10,ripe
646.90,425.70,414.80,ripe
646.00,425.10,412.10,ripe
640.00,412.80,403.90,ripe
605.40,278.30,356.30,ripe
637.40,417.00,406.60,ripe
641.90,419.20,406.80,ripe
642.30,419.20,407.90,ripe
642.60,419.40,407.30,ripe
642.60,418.90,407.60,ripe
642.70,418.70,406.80,ripe
642.30,418.20,406.40,ripe
642.20,418.80,407.80,ripe
642.90,419.20,407.80,ripe
643.00,419.30,408.00,ripe
642.50,419.30,407.70,ripe
642.30,419.40,407.50,ripe
642.30,420.20,407.60,ripe
642.70,418.90,407.40,ripe
642.70,418.40,406.30,ripe
642.10,419.10,406.90,ripe
642.60,419.80,407.60,ripe
642.60,419.50,408.40,ripe
643.40,420.50,408.10,ripe
641.30,416.60,405.00,ripe
674.90,482.10,461.10,ripe
670.10,459.40,448.20,ripe
664.60,442.00,412.10,ripe
643.90,412.50,402.40,ripe
591.40,310.20,292.10,ripe
572.00,304.80,292.50,ripe
574.70,313.10,294.10,ripe
560.40,273.90,240.80,ripe
525.10,232.10,208.80,ripe
520.00,229.60,211.60,ripe
525.40,236.90,219.20,ripe
529.70,239.30,236.80,ripe
555.30,293.90,287.00,ripe
580.20,321.70,304.10,ripe
574.00,305.80,294.20,ripe
582.10,323.40,305.80,ripe
576.60,312.60,296.50,ripe
573.90,311.00,296.00,ripe
573.20,313.10,297.80,ripe
573.00,314.00,298.70,ripe
573.00,314.20,299.30,ripe
554.30,276.20,255.10,ripe
542.30,290.00,319.90,ripe
605.30,389.10,404.10,ripe
648.80,442.20,429.70,ripe
639.70,406.20,383.60,ripe
619.00,375.00,365.60,ripe
616.40,377.30,366.80,ripe
619.80,388.10,379.60,ripe
625.70,392.80,380.80,ripe
626.30,393.10,381.70,ripe
442.50,159.30,143.80,ripe
478.00,174.00,156.80,ripe
494.80,193.90,173.70,ripe
499.30,193.60,173.70,ripe
503.40,196.60,175.10,ripe
505.40,197.80,176.20,ripe
491.60,145.90,117.00,ripe
480.60,151.80,120.70,ripe
465.00,152.20,119.40,ripe
437.50,148.60,116.40,ripe
472.40,132.10,104.70,ripe
430.10,119.70,101.80,ripe
438.80,125.70,106.90,ripe
459.00,130.40,108.80,ripe
476.60,143.80,118.20,ripe
482.50,149.20,120.30,ripe
470.90,142.60,117.40,ripe
465.90,141.30,115.10,ripe
464.80,132.00,113.10,ripe
474.80,153.70,122.70,ripe
470.60,144.90,133.20,ripe
500.60,210.60,192.40,ripe
506.20,251.30,270.60,ripe
548.20,324.30,314.10,ripe
557.40,324.90,313.20,ripe
562.80,336.80,307.50,ripe
540.70,299.20,251.30,ripe
484.90,165.50,152.00,ripe
523.10,277.90,260.40,ripe
536.10,296.00,279.40,ripe
538.60,297.30,279.10,ripe
536.10,293.90,276.20,ripe
538.80,296.80,279.30,ripe
540.10,295.00,279.10,ripe
539.60,296.50,276.50,ripe
539.10,296.00,277.90,ripe
539.30,294.10,273.30,ripe
537.80,283.40,249.30,ripe
531.80,290.00,274.20,ripe
538.20,293.60,274.70,ripe
537.20,290.70,269.30,ripe
538.40,293.60,274.70,ripe
537.70,292.10,273.00,ripe
536.50,289.70,270.90,ripe
537.10,291.00,273.00,ripe
534.10,282.80,262.60,ripe
532.50,282.20,264.30,ripe
528.10,239.10,289.70,ripe
565.20,308.20,297.50,ripe
568.60,309.80,295.00,ripe
569.40,318.20,306.20,ripe
571.20,315.90,301.30,ripe
570.10,312.90,299.30,ripe
569.60,312.80,299.50,ripe
569.70,313.20,299.40,ripe
569.10,309.60,293.00,ripe
566.30,303.20,290.00,ripe
566.20,305.90,292.10,ripe
566.20,304.70,290.30,ripe
564.80,303.20,288.30,ripe
565.70,304.70,290.10,ripe
565.40,304.40,290.90,ripe
566.30,306.10,292.40,ripe
566.10,306.40,293.00,ripe
566.60,306.20,291.50,ripe
565.60,305.00,290.20,ripe
566.80,307.80,293.90,ripe
567.20,308.80,295.10,ripe
567.60,309.40,296.40,ripe
567.90,308.30,291.80,ripe
565.60,304.90,291.80,ripe
565.40,304.70,290.70,ripe
565.50,304.60,290.50,ripe
565.10,304.20,290.20,ripe
565.30,304.70,292.40,ripe
566.40,307.70,295.00,ripe
566.90,309.40,295.10,ripe
566.50,307.20,293.00,ripe
565.80,307.30,293.20,ripe
565.90,306.50,293.40,ripe
566.40,307.40,293.60,ripe
566.20,306.40,293.40,ripe
567.90,314.50,303.40,ripe
563.30,308.80,307.70,ripe
571.70,320.90,307.10,ripe
570.70,317.10,303.50,ripe
569.50,315.90,302.50,ripe
570.60,316.00,303.60,ripe
570.20,316.30,302.50,ripe
566.20,271.60,212.30,ripe
530.00,242.20,251.80,ripe
553.30,287.30,295.90,ripe
568.40,318.10,305.70,ripe
569.40,315.40,303.60,ripe
569.80,317.10,304.00,ripe
570.10,317.20,303.90,ripe
570.10,316.70,303.20,ripe
569.00,310.40,292.00,ripe
570.80,320.70,304.60,ripe
566.60,310.50,295.80,ripe
565.40,306.40,294.70,ripe
567.30,309.80,294.40,ripe
565.60,307.40,293.80,ripe
568.40,316.90,304.20,ripe
569.50,317.40,304.80,ripe
569.90,317.90,305.00,ripe
570.70,318.60,304.90,ripe
570.50,318.10,300.90,ripe
566.50,316.30,305.30,ripe
566.80,307.20,209.10,ripe
513.20,163.90,135.40,ripe
408.70,145.10,194.60,ripe
455.70,245.20,232.40,ripe
462.70,253.80,234.40,ripe
437.70,188.10,183.20,ripe
462.50,255.30,212.50,ripe
439.60,180.80,155.10,ripe
481.20,165.50,142.80,ripe
509.80,295.50,292.10,ripe
542.90,306.10,297.10,ripe
546.40,309.20,298.80,ripe
544.50,305.60,289.30,ripe
495.50,159.90,131.70,ripe
475.50,143.10,121.50,ripe
478.80,157.10,324.50,ripe
562.10,368.10,368.10,ripe
579.20,378.50,372.90,ripe
581.60,380.30,373.80,ripe
648.90,308.20,277.60,ripe
650.40,312.20,282.40,ripe
652.70,328.30,303.70,ripe
569.10,439.40,425.70,ripe
659.80,387.00,368.80,ripe
647.90,344.70,323.00,ripe
657.40,389.30,370.80,ripe
614.20,304.40,277.00,ripe
582.20,362.00,340.70,ripe
618.20,350.00,329.70,ripe
612.70,339.30,317.40,ripe
769.30,545.00,528.60,ripe
669.70,338.20,314.20,ripe
670.80,420.50,401.30,ripe
666.70,318.70,292.10,ripe
651.50,310.40,283.80,ripe
650.20,309.40,282.50,ripe
661.50,308.30,281.50,ripe
645.20,444.20,427.30,ripe
632.00,451.10,435.00,ripe
631.50,452.30,436.00,ripe
664.30,358.20,335.10,ripe
654.20,374.60,352.60,ripe
663.30,378.60,356.10,ripe
662.30,380.60,358.00,ripe
651.90,378.30,356.20,ripe
650.80,377.70,355.20,ripe
664.00,309.60,269.10,ripe
637.20,302.60,278.30,ripe
642.90,312.30,289.60,ripe
626.20,317.90,295.00,ripe
641.40,384.90,368.20,ripe
636.40,314.40,286.00,ripe
628.30,303.50,271.70,ripe
583.70,308.50,273.20,ripe
639.40,328.20,286.00,ripe
638.60,334.10,306.90,ripe
612.70,316.70,288.80,ripe
624.80,372.40,355.50,ripe
642.60,321.40,298.30,ripe
640.10,321.10,297.80,ripe
626.60,335.10,307.00,ripe
637.80,328.70,307.30,ripe
640.60,324.20,301.00,ripe
631.70,303.20,272.20,ripe
637.30,295.70,265.30,ripe
638.80,321.10,297.60,ripe
654.70,332.00,311.00,ripe
647.20,415.40,400.90,ripe
653.70,468.80,457.80,ripe
669.70,358.60,339.30,ripe
664.10,346.90,327.30,ripe
649.10,412.70,392.40,ripe
664.50,316.40,285.80,ripe
613.40,289.30,261.90,ripe
597.10,291.00,251.10,ripe
546.40,304.80,232.80,ripe
646.20,317.30,264.60,ripe
515.00,244.30,218.90,ripe
559.50,268.70,248.00,ripe
468.10,293.40,276.20,ripe
597.70,273.80,249.50,ripe
662.00,404.50,383.10,ripe
633.20,322.50,300.20,ripe
578.80,360.40,342.30,ripe
610.60,335.60,315.20,ripe
627.70,309.50,285.30,ripe
563.20,358.40,347.80,ripe
523.60,305.60,284.90,ripe
407.80,316.80,304.60,ripe
559.80,305.00,285.00,ripe
685.20,467.70,455.10,ripe
646.00,387.30,366.90,ripe
641.60,309.00,285.40,ripe
605.80,344.90,324.10,ripe
501.30,368.40,355.90,ripe
571.20,319.60,297.30,ripe
618.70,298.60,277.50,ripe
648.10,341.20,320.80,ripe
619.60,302.60,274.50,ripe
549.90,320.30,299.70,ripe
625.40,297.40,270.00,ripe
599.20,370.90,354.20,ripe
638.10,305.60,279.90,ripe
577.40,293.10,268.60,ripe
633.30,398.10,379.00,ripe
654.10,317.90,294.70,ripe
665.00,420.50,403.90,ripe
680.00,417.00,397.90,ripe
624.00,385.80,366.80,ripe
658.50,329.20,305.80,ripe
621.20,409.60,391.80,ripe
541.70,358.90,340.40,ripe
636.70,310.40,281.40,ripe
617.90,325.40,301.30,ripe
593.80,373.40,354.30,ripe
588.50,421.10,406.30,ripe
586.00,458.90,446.90,ripe
659.20,332.30,308.60,ripe
655.10,410.80,392.30,ripe
671.90,415.40,404.50,ripe
721.50,488.40,458.30,ripe
638.20,450.60,434.90,ripe
643.20,323.10,301.20,ripe
656.50,420.30,403.40,ripe
658.10,364.60,343.60,ripe
606.60,333.90,310.30,ripe
592.90,328.30,304.30,ripe
600.60,332.00,309.00,ripe
601.20,341.20,319.60,ripe
548.40,446.40,436.80,ripe
518.70,402.40,383.40,ripe
624.50,332.60,338.60,ripe
666.80,376.20,356.40,ripe
757.50,584.40,538.50,unripe
700.20,517.00,467.40,unripe
778.00,629.20,594.40,unripe
808.80,674.90,638.90,unripe
731.30,554.80,503.90,unripe
692.20,522.80,471.90,unripe
771.00,601.40,559.40,unripe
799.90,650.50,612.80,unripe
815.10,681.20,650.90,unripe
742.40,627.40,601.00,unripe
775.00,610.40,568.70,unripe
770.90,607.40,564.70,unripe
690.10,611.60,588.00,unripe
783.30,621.30,578.70,unripe
751.20,635.80,608.30,unripe
762.70,631.00,598.00,unripe
796.40,650.10,613.10,unripe
803.00,647.10,607.50,unripe
806.80,657.50,620.60,unripe
779.90,658.30,628.30,unripe
798.50,639.30,598.00,unripe
787.20,665.70,636.70,unripe
808.50,679.40,646.50,unripe
774.60,605.70,561.50,unripe
755.60,606.60,570.50,unripe
756.80,624.10,592.80,unripe
733.80,644.50,622.70,unripe
782.50,611.10,565.20,unripe
776.70,611.00,567.40,unripe
796.20,690.70,667.20,unripe
831.90,697.70,665.30,unripe
831.40,696.20,664.70,unripe
856.30,734.00,706.40,unripe
805.10,661.60,626.40,unripe
768.00,598.20,552.00,unripe
714.40,606.00,581.40,unripe
780.10,619.50,577.90,unripe
785.80,618.30,575.50,unripe
787.80,657.70,625.20,unripe
811.40,658.10,620.40,unripe
741.20,584.70,542.80,unripe
688.20,528.30,488.40,unripe
751.10,599.40,560.60,unripe
719.40,571.20,530.90,unripe
726.40,603.20,568.00,unripe
747.10,587.20,541.00,unripe
680.20,564.50,536.80,unripe
723.90,584.30,544.90,unripe
752.70,616.50,579.60,unripe
763.00,605.80,565.90,unripe
766.50,641.60,610.50,unripe
769.80,614.00,573.80,unripe
752.10,587.70,545.40,unripe
738.90,609.40,576.80,unripe
721.80,605.10,576.20,unripe
752.60,614.60,579.40,unripe
768.30,601.50,556.40,unripe
748.00,581.90,538.60,unripe
693.20,548.80,508.80,unripe
759.90,589.60,545.60,unripe
756.00,612.80,575.60,unripe
746.50,605.90,572.10,unripe
746.50,589.60,550.70,unripe
731.20,543.40,490.10,unripe
688.80,547.90,509.90,unripe
686.10,505.20,452.10,unripe
560.30,471.80,444.90,unripe
670.40,463.10,401.10,unripe
793.50,675.00,652.30,unripe
780.20,604.70,555.70,unripe
706.40,583.40,550.00,unripe
689.20,524.40,475.90,unripe
670.00,546.70,511.70,unripe
837.60,732.40,707.10,unripe
646.20,513.20,474.90,unripe
777.70,601.80,554.40,unripe
697.40,529.40,479.90,unripe
705.20,582.80,549.90,unripe
766.30,587.70,543.50,unripe
759.00,607.30,567.10,unripe
798.90,664.00,630.90,unripe
739.30,596.60,561.80,unripe
703.40,597.10,577.60,unripe
764.50,624.70,590.30,unripe
763.90,585.80,537.70,unripe
764.40,592.90,545.70,unripe
715.00,580.70,548.60,unripe
781.20,628.30,593.90,unripe
775.30,609.10,565.40,unripe
785.80,622.90,581.60,unripe
779.10,624.00,583.10,unripe
771.50,594.70,547.80,unripe
774.00,600.50,555.70,unripe
807.00,653.70,610.80,unripe
770.70,587.60,539.80,unripe
635.50,509.30,476.50,unripe
687.00,503.90,446.80,unripe
737.10,582.20,540.50,unripe
619.90,459.00,402.50,unripe
745.30,577.30,529.30,unripe
762.80,607.90,565.30,unripe
748.10,563.80,516.10,unripe
747.50,566.60,510.40,unripe
721.40,525.00,468.00,unripe
588.40,461.70,422.60,unripe
740.70,574.10,530.00,unripe
690.10,522.50,476.20,unripe
680.90,520.10,476.40,unripe
567.90,445.10,408.60,unripe
729.90,544.10,494.30,unripe
740.00,548.00,495.80,unripe
734.90,527.10,467.70,unripe
734.00,526.00,466.40,unripe
713.20,549.80,506.00,unripe
702.80,528.50,481.20,unripe
743.90,560.70,518.20,unripe
730.10,536.80,484.70,unripe
770.60,599.00,554.60,unripe
772.30,600.20,557.00,unripe
771.30,599.60,556.60,unripe
747.80,560.40,510.10,unripe
749.60,543.40,435.30,unripe
613.40,510.20,528.00,unripe
670.70,567.00,541.30,unripe