red,green,blue,ambient,width,label
779.20,651.80,624.00,566.50,28,unripe
785.10,661.50,632.70,567.30,28,unripe
784.40,661.50,633.70,571.20,28,unripe
786.00,661.20,630.80,566.90,28,unripe
784.30,659.80,630.90,567.20,28,unripe
783.80,659.00,631.20,568.80,28,unripe
784.80,659.00,629.00,567.40,28,unripe
784.00,659.70,631.10,567.70,28,unripe
784.30,655.00,622.70,561.40,28,unripe
783.00,658.20,630.10,566.70,28,unripe
783.40,658.90,631.20,568.40,28,unripe
784.60,659.40,630.30,567.50,28,unripe
785.00,661.90,634.20,570.50,28,unripe
784.40,658.00,628.00,562.00,28,unripe
780.40,650.70,620.10,555.80,28,unripe
776.40,647.90,622.20,558.20,28,unripe
779.60,653.50,623.80,560.40,28,unripe
781.40,656.00,627.40,564.20,28,unripe
782.60,657.40,628.70,565.80,28,unripe
783.40,657.20,627.30,563.00,28,unripe
782.20,655.70,626.30,561.10,28,unripe
778.20,651.60,627.00,564.10,28,unripe
779.00,647.30,615.90,550.90,28,unripe
776.80,650.10,622.60,560.00,28,unripe
782.20,658.30,630.20,568.40,28,unripe
784.70,660.40,632.20,569.70,28,unripe
785.40,661.70,633.40,571.10,28,unripe
785.80,660.50,629.10,560.60,28,unripe
781.30,656.50,628.30,564.80,28,unripe
782.60,656.10,625.90,561.50,28,unripe
780.80,653.60,623.50,560.40,28,unripe
781.20,654.30,624.30,561.70,28,unripe
782.50,657.40,628.20,548.80,28,unripe
675.40,343.70,252.40,135.20,28,unripe
560.00,312.90,239.30,115.30,28,unripe
544.30,303.60,229.90,114.30,28,unripe
572.20,490.50,504.40,502.90,28,unripe
752.10,630.00,604.70,536.70,28,unripe
762.40,630.50,601.10,541.60,28,unripe
774.80,650.00,626.50,572.90,28,unripe
790.60,674.20,644.70,583.00,28,unripe
793.60,677.10,642.10,573.00,28,unripe
767.90,629.70,597.60,547.60,28,unripe
778.50,650.50,619.10,557.70,28,unripe
778.90,647.70,612.50,544.30,28,unripe
770.30,639.20,611.00,549.00,28,unripe
775.40,650.10,613.70,541.80,28,unripe
771.30,659.70,646.90,595.60,28,unripe
800.30,685.40,664.50,609.00,28,unripe
803.10,672.30,642.40,568.90,28,unripe
749.10,536.60,477.20,430.60,28,unripe
698.60,558.80,615.80,553.20,28,unripe
775.90,650.10,621.10,556.50,28,unripe
776.20,646.30,617.00,551.30,28,unripe
775.50,648.00,617.50,552.60,28,unripe
779.70,659.50,631.80,567.80,28,unripe
781.60,656.40,626.70,556.10,28,unripe
780.10,658.90,625.20,562.80,28,unripe
780.20,650.40,621.20,556.40,28,unripe
779.40,657.60,623.30,555.40,28,unripe
773.40,640.70,591.90,481.90,28,unripe
732.70,587.70,594.40,555.30,28,unripe
779.00,656.10,631.80,571.10,28,unripe
786.10,663.60,635.30,570.80,28,unripe
728.90,535.00,492.20,406.70,28,unripe
704.60,546.10,529.60,458.60,28,unripe
745.80,651.60,629.90,567.70,28,unripe
768.00,623.30,606.00,537.10,28,unripe
736.90,571.60,485.30,420.70,28,unripe
610.20,321.50,483.30,494.90,28,unripe
757.80,370.10,196.40,50.50,28,unripe
506.10,245.80,407.30,528.40,28,unripe
779.40,675.10,656.00,597.40,28,unripe
796.30,679.50,656.00,600.80,28,unripe
799.00,681.70,653.60,592.70,28,unripe
793.70,657.10,567.60,562.70,28,unripe
786.90,614.90,635.30,584.20,28,unripe
786.00,669.80,608.50,511.90,28,unripe
708.00,444.00,247.80,86.30,28,unripe
498.80,217.40,131.00,11.20,28,unripe
457.50,210.60,129.10,11.00,28,unripe
449.50,208.70,129.20,11.00,28,unripe
445.70,208.00,129.00,11.30,28,unripe
443.60,207.60,128.90,10.80,28,unripe
442.20,207.40,128.40,10.70,28,unripe
441.40,207.30,128.50,10.70,28,unripe
440.70,207.40,128.70,10.90,28,unripe
440.50,207.30,128.30,10.50,28,unripe
440.20,207.10,128.60,10.80,28,unripe
439.90,207.20,128.70,10.90,28,unripe
439.40,207.50,129.00,10.90,28,unripe
439.70,207.50,128.90,11.00,28,unripe
439.70,207.50,128.80,10.60,28,unripe
445.50,341.40,485.70,546.80,28,unripe
772.30,627.90,664.10,606.80,28,unripe
802.30,698.80,674.50,618.20,28,unripe
806.50,708.90,681.90,614.30,28,unripe
807.70,690.80,654.20,579.00,28,unripe
782.40,653.70,621.00,552.10,28,unripe
742.30,629.60,599.80,523.90,28,unripe
760.90,630.50,610.00,541.20,28,unripe
768.40,638.40,609.80,546.00,28,unripe
775.00,643.60,620.90,558.50,28,unripe
781.90,660.40,632.60,570.30,28,unripe
785.40,661.00,632.20,566.80,28,unripe
783.60,660.30,634.30,571.80,28,unripe
786.10,662.10,633.50,570.90,28,unripe
785.30,659.30,630.90,564.60,28,unripe
785.10,662.30,634.50,572.50,28,unripe
787.00,654.70,619.30,552.50,28,unripe
740.10,551.40,448.90,431.00,28,unripe
759.00,541.40,448.60,363.20,28,unripe
725.50,599.40,584.80,521.40,28,unripe
741.90,487.90,422.90,248.40,28,unripe
657.10,522.20,504.50,420.30,28,unripe
692.50,469.10,388.70,232.90,28,unripe
628.70,544.00,570.90,523.30,28,unripe
801.70,690.70,664.90,606.30,28,unripe
804.60,692.60,665.60,606.60,28,unripe
804.80,692.20,665.30,606.40,28,unripe
805.00,691.60,664.60,605.50,28,unripe
804.70,691.70,664.70,605.50,28,unripe
804.60,691.60,665.50,607.80,28,unripe
805.10,691.80,664.70,605.30,28,unripe
804.80,691.70,665.00,605.80,28,unripe
805.00,691.80,664.80,605.80,28,unripe
804.90,691.80,664.90,605.50,28,unripe
804.70,691.60,664.90,605.90,28,unripe
804.80,691.60,664.40,605.00,28,unripe
804.80,691.70,664.20,597.90,28,unripe
786.80,677.50,668.70,630.40,28,unripe
816.60,710.60,690.80,636.50,28,unripe
821.10,713.10,686.40,626.30,28,unripe
815.30,709.40,685.70,626.30,28,unripe
812.00,700.80,672.20,611.10,28,unripe
809.10,699.10,674.20,617.30,28,unripe
810.50,700.30,674.10,621.50,28,unripe
797.20,682.40,656.60,589.00,28,unripe
810.50,700.80,675.40,618.80,28,unripe
811.60,702.90,681.00,385.50,28,unripe
736.40,636.70,582.60,606.00,28,unripe
814.50,710.90,686.80,631.70,28,unripe
818.10,712.60,687.50,632.20,28,unripe
818.60,712.60,687.50,632.20,28,unripe
818.60,713.00,688.60,634.20,28,unripe
819.70,714.30,688.80,633.30,28,unripe
819.10,713.30,688.20,633.20,28,unripe
819.40,713.70,688.30,633.30,28,unripe
819.40,712.60,679.30,589.90,28,unripe
781.80,604.10,520.10,376.70,28,unripe
671.10,498.00,545.90,547.10,28,unripe
777.50,696.20,677.50,625.00,28,unripe
814.60,708.00,682.90,627.10,28,unripe
815.80,709.60,684.90,629.10,28,unripe
817.70,712.50,688.50,634.00,28,unripe
820.10,715.40,690.60,635.80,28,unripe
820.80,715.50,690.40,635.40,28,unripe
820.50,715.60,691.30,636.50,28,unripe
821.10,716.10,690.00,635.70,28,unripe
821.00,716.40,682.60,619.90,28,unripe
820.80,717.90,696.00,643.20,28,unripe
824.80,718.60,691.80,634.40,28,unripe
819.60,697.90,679.00,633.00,28,unripe
820.50,716.30,693.50,642.00,28,unripe
823.90,719.90,692.80,636.30,28,unripe
814.80,683.30,645.10,576.20,28,unripe
778.60,594.30,426.80,189.60,28,unripe
573.40,433.70,518.40,551.80,28,unripe
787.20,681.80,657.10,579.70,28,unripe
777.40,652.00,622.90,560.60,28,unripe
781.10,661.90,634.10,564.10,28,unripe
775.60,651.00,620.30,555.30,28,unripe
777.00,653.90,623.70,556.70,28,unripe
778.00,655.10,626.40,564.30,28,unripe
787.00,702.90,682.60,626.90,28,unripe
815.80,709.10,684.40,627.80,28,unripe
816.10,709.40,684.20,627.90,28,unripe
814.90,707.20,681.50,625.00,28,unripe
814.30,707.20,681.70,625.00,28,unripe
812.80,704.80,678.50,620.10,28,unripe
811.50,704.50,680.00,627.00,28,unripe
817.40,713.20,688.90,633.60,28,unripe
818.70,713.60,689.30,632.80,28,unripe
818.70,712.40,686.40,632.00,28,unripe
818.70,713.70,688.50,632.90,28,unripe
817.90,711.40,686.90,632.90,28,unripe
818.60,712.80,687.30,631.40,28,unripe
817.40,711.20,686.10,630.90,28,unripe
817.50,711.00,686.40,630.70,28,unripe
817.10,710.80,685.50,629.40,28,unripe
816.10,709.50,685.10,629.60,28,unripe
816.60,710.10,685.20,629.50,28,unripe
816.60,710.80,685.60,628.70,28,unripe
816.30,709.80,684.80,630.00,28,unripe
816.20,709.30,685.10,630.40,28,unripe
811.40,708.20,680.60,623.10,28,unripe
812.20,703.60,678.00,620.40,28,unripe
810.80,702.10,677.00,620.60,28,unripe
813.60,711.80,688.00,634.30,28,unripe
820.20,715.90,690.80,636.00,28,unripe
822.40,720.80,697.00,640.80,28,unripe
820.80,714.30,686.70,599.00,28,unripe
794.00,675.90,648.20,595.10,28,unripe
800.90,688.90,661.30,598.60,28,unripe
794.70,674.10,649.60,596.00,28,unripe
801.90,690.30,662.70,604.70,28,unripe
802.90,691.40,666.20,607.70,28,unripe
803.80,692.80,667.70,610.40,28,unripe
806.10,695.30,670.30,612.50,28,unripe
806.50,698.10,669.50,612.40,28,unripe
807.40,699.20,673.50,618.10,28,unripe
810.00,701.70,675.60,615.10,28,unripe
807.60,698.50,672.60,614.60,28,unripe
807.00,695.20,666.00,591.30,28,unripe
749.60,592.60,552.30,472.60,28,unripe
730.50,580.90,542.90,465.20,28,unripe
728.90,582.10,537.90,458.00,28,unripe
727.70,580.80,543.20,458.70,28,unripe
720.80,567.50,530.60,454.70,28,unripe
720.50,570.40,532.00,451.70,28,unripe
719.10,566.10,527.80,447.60,28,unripe
716.70,567.50,530.00,450.20,28,unripe
718.80,567.40,528.80,448.70,28,unripe
718.80,567.40,529.90,448.90,28,unripe
718.20,567.00,528.40,447.00,28,unripe
718.00,567.20,529.50,449.20,28,unripe
718.80,568.00,531.00,451.00,28,unripe
721.40,574.80,538.90,460.30,28,unripe
723.70,570.00,530.70,450.40,28,unripe
720.30,570.70,534.20,458.30,28,unripe
724.70,575.70,537.00,457.60,28,unripe
723.60,574.40,538.30,460.60,28,unripe
723.50,574.90,537.20,457.40,28,unripe
722.50,571.60,533.10,453.30,28,unripe
722.90,574.40,536.90,457.60,28,unripe
723.40,575.20,536.80,456.20,28,unripe
722.30,579.70,554.90,529.20,28,unripe
798.30,702.00,678.30,621.00,28,unripe
812.40,704.60,676.60,618.50,28,unripe
808.60,700.70,675.60,618.40,28,unripe
810.40,703.50,679.40,622.90,28,unripe
811.20,701.00,677.00,622.90,28,unripe
809.10,700.10,678.70,623.80,28,unripe
807.50,695.00,665.40,607.50,28,unripe
805.80,696.30,670.30,612.20,28,unripe
809.40,703.80,676.40,616.00,28,unripe
807.70,696.00,666.30,608.00,28,unripe
805.90,695.00,668.00,610.60,28,unripe
805.10,692.30,665.10,604.90,28,unripe
801.60,689.20,662.30,605.80,28,unripe
809.90,704.70,680.40,621.40,28,unripe
814.20,683.80,646.80,563.40,28,unripe
760.40,653.00,644.70,616.80,28,unripe
809.60,697.90,669.70,611.00,28,unripe
805.80,696.20,672.00,614.80,28,unripe
808.60,702.20,679.60,626.70,28,unripe
815.10,706.40,677.00,621.00,28,unripe
814.20,709.00,684.80,629.60,28,unripe
816.50,709.60,683.50,628.50,28,unripe
815.60,710.00,685.20,630.20,28,unripe
811.50,699.80,672.40,616.20,28,unripe
807.70,697.90,672.20,611.30,28,unripe
802.50,687.30,660.40,603.50,28,unripe
802.40,688.80,660.40,602.40,28,unripe
801.40,690.20,663.30,604.70,28,unripe
801.70,688.20,656.30,595.60,28,unripe
802.30,705.60,681.00,622.50,28,unripe
814.60,711.20,687.80,633.70,28,unripe
817.60,712.30,687.30,632.40,28,unripe
817.50,711.30,686.00,630.30,28,unripe
815.90,710.00,685.20,631.50,28,unripe
817.70,712.70,688.20,634.40,28,unripe
818.40,713.00,688.30,633.80,28,unripe
818.50,711.20,681.90,623.00,28,unripe
801.70,686.30,665.10,619.40,28,unripe
817.20,718.00,695.90,642.80,28,unripe
823.90,721.40,697.70,644.90,28,unripe
824.00,720.70,696.40,643.10,28,unripe
823.40,713.40,681.80,640.30,28,unripe
822.10,718.50,694.20,640.40,28,unripe
821.90,717.60,693.30,639.70,28,unripe
821.60,716.60,693.90,643.10,28,unripe
823.70,720.70,697.10,644.20,28,unripe
823.90,720.60,696.60,643.40,28,unripe
823.70,720.60,696.50,643.40,28,unripe
823.30,719.80,695.60,641.60,28,unripe
821.40,714.90,693.00,641.60,28,unripe
823.70,720.80,696.20,569.30,28,unripe
804.20,717.70,696.10,643.20,28,unripe
823.30,719.90,695.90,642.40,28,unripe
823.50,720.50,696.40,643.40,28,unripe
823.60,720.20,697.00,644.00,28,unripe
823.80,720.90,697.00,643.90,28,unripe
823.90,720.90,696.70,643.40,28,unripe
823.50,720.10,696.50,643.70,28,unripe
823.40,720.10,696.30,643.30,28,unripe
823.20,720.20,696.40,643.40,28,unripe
823.40,720.90,697.20,644.30,28,unripe
823.80,720.10,695.10,642.10,28,unripe
822.40,719.10,695.80,643.60,28,unripe
823.50,720.60,696.70,643.90,28,unripe
823.70,720.60,696.80,643.70,28,unripe
823.70,720.90,696.80,642.50,28,unripe
823.60,720.40,696.00,639.20,28,unripe
816.70,708.90,683.40,629.20,28,unripe
816.40,712.10,687.40,633.70,28,unripe
814.10,698.30,669.00,605.00,28,unripe
789.20,658.80,622.80,558.00,28,unripe
774.40,648.00,619.00,560.60,28,unripe
772.20,656.50,623.30,553.30,28,unripe
767.90,640.20,634.60,561.00,28,unripe
777.00,656.50,628.20,564.70,28,unripe
779.20,654.30,622.00,556.60,28,unripe
766.00,635.70,622.40,570.10,28,unripe
789.70,674.60,648.70,589.90,28,unripe
793.80,677.80,650.10,589.80,28,unripe
793.80,677.40,649.60,589.60,28,unripe
793.70,676.70,649.20,589.40,28,unripe
793.30,676.70,648.60,588.10,28,unripe
792.70,676.00,649.70,590.70,28,unripe
794.50,678.60,650.30,589.50,28,unripe
793.00,671.60,647.40,588.40,28,unripe
496.10,272.10,265.40,248.80,28,ripe
522.10,286.90,274.60,254.30,28,ripe
528.60,288.30,274.60,254.10,28,ripe
531.20,288.80,274.90,252.60,28,ripe
531.70,287.70,273.70,253.00,28,ripe
534.30,292.20,278.60,256.70,28,ripe
535.60,291.50,277.20,254.90,28,ripe
535.00,290.50,277.00,254.80,28,ripe
535.40,290.90,276.80,254.90,28,ripe
535.90,291.10,277.00,254.90,28,ripe
536.10,291.40,277.60,255.10,28,ripe
536.30,291.10,276.80,254.90,28,ripe
536.30,291.40,277.80,255.40,28,ripe
536.60,290.90,277.10,254.80,28,ripe
536.40,290.80,276.50,255.00,28,ripe
536.70,291.20,277.30,254.60,28,ripe
536.60,291.30,277.20,255.10,28,ripe
536.60,290.80,276.20,254.30,28,ripe
536.80,291.80,278.00,256.10,28,ripe
537.60,291.90,274.90,244.60,28,ripe
530.50,281.30,266.90,246.20,28,ripe
531.20,281.50,269.20,249.60,28,ripe
533.10,284.30,266.80,242.60,28,ripe
527.30,277.10,264.50,243.20,28,ripe
530.80,284.90,272.00,249.30,28,ripe
535.40,290.60,276.70,254.80,28,ripe
536.60,291.40,277.30,254.50,28,ripe
537.10,294.20,279.50,256.90,28,ripe
537.60,292.10,277.10,255.20,28,ripe
536.80,290.10,276.60,254.70,28,ripe
538.10,292.80,278.90,255.70,28,ripe
538.00,292.30,277.30,254.50,28,ripe
537.90,293.50,279.90,257.80,28,ripe
539.90,296.80,284.00,259.90,28,ripe
540.50,297.80,282.30,260.80,28,ripe
541.20,296.00,280.10,255.70,28,ripe
538.80,293.70,282.10,262.40,28,ripe
542.20,299.30,285.30,254.20,28,ripe
520.80,249.60,202.70,174.90,28,ripe
478.70,197.80,175.00,153.70,28,ripe
471.00,199.00,180.60,159.20,28,ripe
471.80,200.80,163.40,116.90,28,ripe
441.30,174.30,190.40,215.10,28,ripe
521.80,285.70,275.50,253.30,28,ripe
528.30,274.40,256.50,234.30,28,ripe
521.20,269.20,253.30,233.10,28,ripe
523.30,274.10,259.30,239.20,28,ripe
527.00,275.40,252.80,224.90,28,ripe
510.20,262.40,252.10,235.30,28,ripe
523.30,278.10,261.80,245.20,28,ripe
527.00,284.50,280.10,264.30,28,ripe
544.70,311.40,299.90,278.30,28,ripe
526.80,262.70,242.70,225.40,28,ripe
534.60,305.40,294.50,265.20,28,ripe
556.10,331.30,316.50,294.90,28,ripe
536.60,253.10,220.30,270.80,28,ripe
557.20,333.90,320.70,300.90,28,ripe
563.50,333.90,321.50,300.10,28,ripe
563.60,333.30,321.30,300.70,28,ripe
564.40,333.80,321.10,300.60,28,ripe
564.20,331.90,297.80,238.10,28,ripe
513.50,241.60,237.10,248.50,28,ripe
540.00,307.70,303.70,284.80,28,ripe
555.20,323.90,308.40,274.50,28,ripe
534.50,287.30,279.20,244.90,28,ripe
520.50,256.40,237.60,230.30,28,ripe
530.80,306.70,306.00,299.40,28,ripe
569.10,345.10,338.00,315.20,28,ripe
556.60,304.90,290.50,276.50,28,ripe
553.10,317.80,258.80,138.30,28,ripe
447.20,148.20,124.90,80.40,28,ripe
413.00,121.70,99.90,75.80,28,ripe
409.80,126.70,104.10,81.90,28,ripe
411.40,131.20,108.80,83.40,28,ripe
410.30,131.00,109.30,84.10,28,ripe
411.90,140.20,124.70,96.80,28,ripe
420.70,149.30,127.30,102.30,28,ripe
422.10,148.10,127.80,104.30,28,ripe
423.50,146.80,122.70,93.70,28,ripe
415.60,137.00,123.70,112.30,28,ripe
429.70,154.30,126.10,97.40,28,ripe
420.20,138.30,115.20,230.10,28,ripe
521.40,303.60,293.00,272.00,28,ripe
543.10,317.30,306.30,279.30,28,ripe
544.80,314.70,285.60,160.80,28,ripe
475.40,187.90,187.60,104.30,28,ripe
383.50,65.60,32.80,8.20,28,ripe
335.90,59.60,31.40,7.90,28,ripe
325.30,56.60,30.40,7.70,28,ripe
320.70,56.20,29.60,7.30,28,ripe
317.50,55.80,29.70,7.40,28,ripe
315.40,55.50,30.10,7.80,28,ripe
313.90,55.50,30.10,6.90,28,ripe
312.20,54.60,28.70,7.20,28,ripe
310.40,54.30,29.50,7.20,28,ripe
310.60,55.00,29.80,7.60,28,ripe
310.50,54.90,29.30,7.70,28,ripe
310.10,54.80,29.70,7.00,28,ripe
309.60,55.10,30.00,7.20,28,ripe
308.80,54.20,30.00,6.90,28,ripe
308.90,54.30,29.90,7.10,28,ripe
309.00,54.40,28.80,7.60,28,ripe
308.40,54.90,29.70,7.20,28,ripe
308.50,54.50,30.00,7.20,28,ripe
308.50,54.70,29.30,7.50,28,ripe
308.20,54.90,29.30,7.40,28,ripe
308.20,54.60,29.40,7.20,28,ripe
307.80,54.20,29.40,7.30,28,ripe
307.40,54.30,29.80,7.20,28,ripe
308.10,54.70,29.10,7.10,28,ripe
307.50,54.10,28.50,7.30,28,ripe
307.50,54.30,29.60,6.60,28,ripe
307.20,54.60,30.30,32.60,28,ripe
450.50,278.90,294.00,287.40,28,ripe
536.60,326.30,319.00,300.90,28,ripe
544.30,311.60,286.90,256.50,28,ripe
525.10,284.50,273.00,255.40,28,ripe
535.10,303.20,290.60,269.80,28,ripe
541.30,305.40,290.50,265.50,28,ripe
538.00,297.00,283.30,260.90,28,ripe
538.10,298.00,284.50,262.10,28,ripe
538.50,297.50,283.30,259.90,28,ripe
537.80,295.40,282.10,259.50,28,ripe
537.70,296.40,283.10,261.10,28,ripe
539.70,298.30,285.30,263.70,28,ripe
541.30,299.50,286.40,265.40,28,ripe
543.20,303.00,288.30,265.60,28,ripe
543.40,301.80,287.30,264.30,28,ripe
542.10,299.80,285.90,263.00,28,ripe
541.90,297.00,282.20,259.80,28,ripe
539.90,296.20,282.90,261.40,28,ripe
542.00,302.00,288.10,266.00,28,ripe
543.90,302.70,288.90,266.20,28,ripe
543.30,300.60,286.90,266.20,28,ripe
545.00,305.40,292.40,273.00,28,ripe
550.90,314.40,301.90,280.60,28,ripe
553.80,316.30,303.40,281.70,28,ripe
554.20,316.60,303.60,281.80,28,ripe
614.00,373.00,361.30,333.50,28,ripe
622.60,377.40,364.30,335.10,28,ripe
625.20,379.20,366.10,336.80,28,ripe
626.70,380.10,366.80,337.30,28,ripe
627.80,380.50,366.30,336.50,28,ripe
627.90,381.10,367.50,337.80,28,ripe
628.50,381.60,368.00,337.90,28,ripe
629.20,382.40,368.70,339.80,28,ripe
630.60,384.80,370.60,340.80,28,ripe
631.20,385.70,372.00,342.20,28,ripe
631.30,384.70,370.30,340.90,28,ripe
631.50,385.70,372.30,342.60,28,ripe
632.30,386.90,373.20,344.00,28,ripe
632.90,386.20,372.50,343.20,28,ripe
632.40,386.60,373.20,343.90,28,ripe
632.70,387.80,374.20,344.50,28,ripe
633.10,388.00,374.20,345.20,28,ripe
633.30,388.00,374.70,345.60,28,ripe
634.00,389.00,375.10,345.70,28,ripe
633.60,388.30,375.10,345.90,28,ripe
634.10,389.40,376.50,347.50,28,ripe
635.20,391.00,376.60,346.50,28,ripe
633.90,388.30,374.40,344.70,28,ripe
633.40,388.30,374.60,345.20,28,ripe
633.90,388.60,374.60,344.30,28,ripe
632.70,386.90,373.60,342.20,28,ripe
631.40,383.40,367.90,337.40,28,ripe
630.30,382.30,368.70,338.70,28,ripe
630.30,381.90,368.20,338.40,28,ripe
629.50,381.20,366.20,333.80,28,ripe
627.20,378.80,365.00,335.00,28,ripe
627.80,378.60,365.00,337.20,28,ripe
630.00,383.80,370.80,341.30,28,ripe
631.40,381.80,367.90,339.50,28,ripe
631.40,385.40,371.90,342.50,28,ripe
632.70,387.60,374.30,344.90,28,ripe
633.90,388.60,375.50,346.20,28,ripe
635.00,390.60,377.30,349.60,28,ripe
636.40,392.50,378.30,348.50,28,ripe
635.30,390.70,377.10,348.30,28,ripe
635.40,390.50,376.90,347.50,28,ripe
635.40,391.20,377.60,348.10,28,ripe
636.90,393.50,379.60,351.30,28,ripe
637.40,394.70,381.40,352.50,28,ripe
637.40,393.90,380.20,350.90,28,ripe
637.20,393.80,380.60,351.30,28,ripe
637.30,393.70,380.50,351.10,28,ripe
637.40,394.10,380.50,351.50,28,ripe
637.30,394.30,380.80,351.80,28,ripe
637.60,394.20,381.00,352.10,28,ripe
637.50,394.60,381.10,351.60,28,ripe
637.70,394.70,381.60,352.10,28,ripe
638.10,395.00,381.80,352.30,28,ripe
638.00,394.60,381.00,351.50,28,ripe
637.50,394.40,380.40,351.30,28,ripe
637.10,393.90,380.70,351.40,28,ripe
637.70,394.50,380.90,351.70,28,ripe
637.70,394.90,382.00,353.70,28,ripe
638.70,396.40,383.00,353.90,28,ripe
638.80,396.40,382.50,353.60,28,ripe
638.60,396.40,382.90,353.50,28,ripe
638.70,396.50,382.90,354.20,28,ripe
639.10,396.70,383.80,354.70,28,ripe
639.10,397.10,383.40,353.70,28,ripe
639.10,396.60,383.30,354.20,28,ripe
639.00,396.60,383.40,354.00,28,ripe
639.00,397.20,384.00,354.70,28,ripe
639.40,397.60,384.00,355.10,28,ripe
639.60,398.20,385.10,355.80,28,ripe
639.90,398.10,384.60,355.30,28,ripe
639.80,398.20,384.60,355.70,28,ripe
639.60,397.70,384.40,355.40,28,ripe
639.80,397.80,384.60,355.80,28,ripe
640.10,398.40,385.40,356.00,28,ripe
640.20,398.30,384.90,356.20,28,ripe
640.40,398.50,385.00,355.60,28,ripe
640.10,398.50,385.40,356.50,28,ripe
640.30,399.40,385.70,356.80,28,ripe
640.40,399.10,386.10,357.60,28,ripe
640.60,399.10,386.00,357.10,28,ripe
640.70,399.80,386.00,356.40,28,ripe
640.40,399.00,385.80,356.70,28,ripe
640.50,399.60,386.40,357.20,28,ripe
640.60,399.40,385.50,356.60,28,ripe
640.20,399.30,386.30,356.80,28,ripe
640.50,399.60,385.80,357.40,28,ripe
640.90,399.80,386.50,357.20,28,ripe
640.90,400.40,386.80,357.90,28,ripe
641.20,400.40,387.30,358.20,28,ripe
641.20,400.40,387.50,358.50,28,ripe
641.50,400.40,387.60,358.70,28,ripe
641.80,401.20,387.80,358.60,28,ripe
641.60,400.90,387.80,358.90,28,ripe
641.40,401.00,387.60,358.90,28,ripe
641.60,401.10,387.60,358.60,28,ripe
641.60,401.00,388.00,358.70,28,ripe
641.30,401.00,387.70,358.70,28,ripe
641.60,400.30,387.20,358.20,28,ripe
641.40,400.90,388.00,358.90,28,ripe
641.90,401.30,388.10,359.10,28,ripe
642.00,401.40,388.20,359.60,28,ripe
642.20,401.20,387.90,358.60,28,ripe
641.00,397.70,382.20,349.50,28,ripe
629.00,370.80,346.30,304.90,28,ripe
608.70,338.70,323.80,289.60,28,ripe
592.90,339.80,328.30,304.20,28,ripe
603.10,360.30,347.90,330.20,28,ripe
620.40,391.00,379.80,352.50,28,ripe
626.30,394.50,382.00,354.50,28,ripe
628.10,397.30,384.70,356.80,28,ripe
629.20,397.20,384.30,356.60,28,ripe
628.90,397.20,384.20,356.90,28,ripe
629.50,398.20,384.90,357.40,28,ripe
629.30,397.80,384.60,356.20,28,ripe
628.20,395.50,382.00,354.00,28,ripe
627.40,394.30,381.40,353.70,28,ripe
627.00,394.90,382.10,354.10,28,ripe
627.40,394.80,381.80,354.60,28,ripe
627.70,394.60,381.90,354.10,28,ripe
627.80,395.40,382.40,354.30,28,ripe
628.00,395.70,382.70,355.10,28,ripe
628.40,396.00,382.80,355.10,28,ripe
628.50,396.10,382.90,355.20,28,ripe
628.50,396.30,383.30,355.50,28,ripe
628.40,396.20,383.80,356.00,28,ripe
628.90,396.70,383.90,356.00,28,ripe
628.90,397.10,383.80,356.50,28,ripe
628.80,396.20,383.30,355.20,28,ripe
628.60,396.30,383.40,356.90,28,ripe
629.50,398.00,385.30,358.10,28,ripe
630.20,398.50,385.30,358.10,28,ripe
630.20,398.70,386.00,358.50,28,ripe
630.40,398.70,385.90,358.50,28,ripe
630.30,399.10,386.20,358.60,28,ripe
630.40,399.50,386.50,358.90,28,ripe
630.40,399.10,386.50,359.60,28,ripe
631.10,400.40,387.50,360.30,28,ripe
631.30,400.60,387.70,359.80,28,ripe
630.50,398.10,384.50,356.70,28,ripe
629.30,397.30,384.20,356.10,28,ripe
628.80,396.20,383.20,355.10,28,ripe
628.70,396.70,383.50,355.80,28,ripe
628.70,396.70,383.70,356.10,28,ripe
629.20,396.80,383.60,355.90,28,ripe
629.10,397.00,383.60,355.90,28,ripe
628.60,396.40,383.30,355.20,28,ripe
628.60,396.60,383.90,356.60,28,ripe
629.20,397.70,384.90,357.10,28,ripe
629.70,397.90,384.50,356.70,28,ripe
629.20,397.00,384.40,356.70,28,ripe
629.30,397.20,383.70,355.20,28,ripe
627.50,393.30,379.30,350.80,28,ripe
625.40,390.50,378.50,352.90,28,ripe
628.60,398.20,385.30,357.70,28,ripe
629.30,398.00,385.20,357.70,28,ripe
630.20,398.70,385.40,358.30,28,ripe
630.40,399.20,385.90,358.40,28,ripe
629.70,399.00,386.00,358.00,28,ripe
629.20,355.90,282.20,248.00,28,ripe
588.10,364.90,368.50,370.40,28,ripe
638.90,420.20,411.00,385.50,28,ripe
645.60,425.40,414.20,388.30,28,ripe
647.60,427.10,415.50,389.20,28,ripe
648.40,427.20,415.60,389.30,28,ripe
648.70,427.40,415.60,389.30,28,ripe
647.00,425.90,414.80,388.30,28,ripe
647.40,426.30,414.80,388.40,28,ripe
648.60,427.30,415.80,389.50,28,ripe
648.60,426.10,413.90,387.10,28,ripe
647.60,425.80,414.20,387.30,28,ripe
647.50,425.10,413.20,386.20,28,ripe
647.30,425.10,413.30,386.90,28,ripe
647.70,425.70,413.80,386.60,28,ripe
647.40,424.90,413.30,386.50,28,ripe
647.40,425.00,413.90,387.50,28,ripe
647.70,425.90,414.10,387.20,28,ripe
647.90,425.80,413.70,387.40,28,ripe
647.80,425.30,413.20,386.20,28,ripe
647.00,424.00,412.40,386.10,28,ripe
646.90,423.90,411.60,384.00,28,ripe
646.00,423.60,412.90,387.20,28,ripe
647.80,425.70,414.20,387.70,28,ripe
647.50,425.10,413.40,386.80,28,ripe
647.90,426.20,413.40,386.90,28,ripe
645.60,420.60,409.70,383.50,28,ripe
646.30,423.50,410.70,382.80,28,ripe
645.90,425.90,416.10,390.10,28,ripe
649.10,428.80,417.60,391.30,28,ripe
650.10,430.00,418.50,392.40,28,ripe
650.00,429.50,418.20,391.30,28,ripe
649.60,428.40,414.50,383.80,28,ripe
645.00,422.00,408.90,379.90,28,ripe
645.10,422.30,410.20,376.50,28,ripe
647.30,432.50,423.10,397.10,28,ripe
652.50,433.50,422.00,396.00,28,ripe
652.80,434.30,422.60,395.80,28,ripe
654.70,440.00,429.50,403.80,28,ripe
656.90,440.70,429.60,403.50,28,ripe
656.90,440.60,429.60,403.80,28,ripe
657.20,441.00,429.80,403.80,28,ripe
656.90,440.20,429.30,403.40,28,ripe
656.50,437.40,425.40,398.40,28,ripe
652.30,430.20,416.20,387.70,28,ripe
645.60,416.10,396.00,366.90,28,ripe
636.20,407.30,395.60,368.40,28,ripe
636.40,407.70,395.00,366.70,28,ripe
636.00,408.00,394.00,366.60,28,ripe
633.40,403.40,391.50,364.50,28,ripe
634.80,405.70,393.00,365.50,28,ripe
634.40,405.60,393.00,365.50,28,ripe
634.40,405.80,393.60,366.30,28,ripe
635.30,407.10,394.70,367.50,28,ripe
635.50,406.50,394.90,366.80,28,ripe
635.30,406.90,394.30,367.30,28,ripe
635.70,407.50,395.10,367.60,28,ripe
635.70,407.20,394.80,368.00,28,ripe
636.20,407.50,394.90,367.50,28,ripe
636.20,408.50,395.40,367.40,28,ripe
635.60,407.40,395.40,368.10,28,ripe
635.90,407.80,394.90,367.40,28,ripe
636.90,407.80,394.70,366.90,28,ripe
636.20,411.30,400.70,370.70,28,ripe
639.10,416.80,411.80,388.00,28,ripe
647.20,426.80,415.90,389.00,28,ripe
648.40,428.20,416.20,389.60,28,ripe
648.70,428.00,416.30,389.80,28,ripe
648.90,428.00,416.60,389.80,28,ripe
648.90,427.90,415.80,389.30,28,ripe
648.30,426.80,413.10,384.20,28,ripe
644.80,421.20,412.60,388.00,28,ripe
648.50,427.80,416.10,389.50,28,ripe
648.80,428.10,416.00,388.90,28,ripe
648.80,427.70,416.20,389.20,28,ripe
648.80,427.30,415.40,389.20,28,ripe
648.10,427.20,414.70,388.40,28,ripe
646.90,419.80,409.70,386.90,28,ripe
648.00,428.20,415.90,389.40,28,ripe
649.40,429.50,418.10,390.90,28,ripe
649.40,428.20,416.20,389.30,28,ripe
648.30,427.70,416.30,389.00,28,ripe
648.70,428.70,417.00,390.80,28,ripe
649.60,429.20,414.80,386.10,28,ripe
646.50,425.90,415.60,389.70,28,ripe
647.60,426.70,415.00,388.70,28,ripe
647.50,426.40,414.80,387.70,28,ripe
647.60,427.00,415.40,388.60,28,ripe
647.80,427.20,415.50,388.10,28,ripe
645.10,420.10,411.00,386.60,28,ripe
646.20,425.50,414.10,387.20,28,ripe
646.90,425.70,414.80,387.60,28,ripe
646.00,425.10,412.10,384.10,28,ripe
640.00,412.80,403.90,374.20,28,ripe
605.40,278.30,356.30,367.70,28,ripe
637.40,417.00,406.60,380.70,28,ripe
641.90,419.20,406.80,380.40,28,ripe
642.30,419.20,407.90,381.00,28,ripe
642.60,419.40,407.30,380.30,28,ripe
642.60,418.90,407.60,380.50,28,ripe
642.70,418.70,406.80,379.90,28,ripe
642.30,418.20,406.40,379.30,28,ripe
642.20,418.80,407.80,380.80,28,ripe
642.90,419.20,407.80,380.60,28,ripe
643.00,419.30,408.00,380.90,28,ripe
642.50,419.30,407.70,380.40,28,ripe
642.30,419.40,407.50,381.00,28,ripe
642.30,420.20,407.60,380.60,28,ripe
642.70,418.90,407.40,380.50,28,ripe
642.70,418.40,406.30,378.80,28,ripe
642.10,419.10,406.90,379.70,28,ripe
642.60,419.80,407.60,379.80,28,ripe
642.60,419.50,408.40,381.10,28,ripe
643.40,420.50,408.10,379.00,28,ripe
641.30,416.60,405.00,386.70,28,ripe
674.90,482.10,461.10,428.60,28,ripe
670.10,459.40,448.20,421.80,28,ripe
664.60,442.00,412.10,376.80,28,ripe
643.90,412.50,402.40,348.10,28,ripe
591.40,310.20,292.10,259.90,28,ripe
572.00,304.80,292.50,266.00,28,ripe
574.70,313.10,294.10,258.60,28,ripe
560.40,273.90,240.80,197.20,28,ripe
525.10,232.10,208.80,174.60,28,ripe
520.00,229.60,211.60,178.20,28,ripe
525.40,236.90,219.20,185.20,28,ripe
529.70,239.30,236.80,220.50,28,ripe
555.30,293.90,287.00,267.30,28,ripe
580.20,321.70,304.10,265.70,28,ripe
574.00,305.80,294.20,271.00,28,ripe
582.10,323.40,305.80,270.30,28,ripe
576.60,312.60,296.50,265.70,28,ripe
573.90,311.00,296.00,266.80,28,ripe
573.20,313.10,297.80,268.60,28,ripe
573.00,314.00,298.70,268.70,28,ripe
573.00,314.20,299.30,268.10,28,ripe
554.30,276.20,255.10,219.00,28,ripe
542.30,290.00,319.90,308.00,28,ripe
605.30,389.10,404.10,394.70,28,ripe
648.80,442.20,429.70,396.90,28,ripe
639.70,406.20,383.60,349.20,28,ripe
619.00,375.00,365.60,338.00,28,ripe
616.40,377.30,366.80,342.70,28,ripe
619.80,388.10,379.60,354.70,28,ripe
625.70,392.80,380.80,355.20,28,ripe
626.30,393.10,381.70,356.20,28,ripe
648.90,308.20,277.60,237.60,28,ripe
650.40,312.20,282.40,242.90,28,ripe
652.70,328.30,303.70,275.40,28,ripe
569.10,439.40,425.70,403.40,27,ripe
659.80,387.00,368.80,345.10,28,ripe
647.90,344.70,323.00,295.50,28,ripe
657.40,389.30,370.80,344.40,28,ripe
614.20,304.40,277.00,235.10,27,ripe
582.20,362.00,340.70,310.30,27,ripe
618.20,350.00,329.70,301.70,28,ripe
612.70,339.30,317.40,286.40,27,ripe
769.30,545.00,528.60,508.20,28,ripe
669.70,338.20,314.20,283.60,28,ripe
670.80,420.50,401.30,374.00,28,ripe
666.70,318.70,292.10,258.00,28,ripe
651.50,310.40,283.80,251.50,28,ripe
650.20,309.40,282.50,250.30,28,ripe
661.50,308.30,281.50,246.90,28,ripe
645.20,444.20,427.30,400.90,28,ripe
632.00,451.10,435.00,412.50,28,ripe
631.50,452.30,436.00,410.30,28,ripe
664.30,358.20,335.10,302.20,28,ripe
654.20,374.60,352.60,322.90,28,ripe
663.30,378.60,356.10,323.70,28,ripe
662.30,380.60,358.00,326.30,28,ripe
651.90,378.30,356.20,326.00,28,ripe
650.80,377.70,355.20,325.70,28,ripe
664.00,309.60,269.10,211.40,28,ripe
637.20,302.60,278.30,242.40,28,ripe
642.90,312.30,289.60,253.30,27,ripe
626.20,317.90,295.00,265.60,27,ripe
641.40,384.90,368.20,343.70,28,ripe
636.40,314.40,286.00,238.90,27,ripe
628.30,303.50,271.70,222.10,27,ripe
583.70,308.50,273.20,216.90,27,ripe
639.40,328.20,286.00,213.40,27,ripe
638.60,334.10,306.90,260.00,27,ripe
612.70,316.70,288.80,244.00,27,ripe
624.80,372.40,355.50,327.30,28,ripe
642.60,321.40,298.30,260.70,28,ripe
640.10,321.10,297.80,259.10,27,ripe
626.60,335.10,307.00,282.60,28,ripe
637.80,328.70,307.30,271.50,28,ripe
640.60,324.20,301.00,258.60,27,ripe
631.70,303.20,272.20,217.50,27,ripe
637.30,295.70,265.30,220.20,27,ripe
638.80,321.10,297.60,261.80,28,ripe
654.70,332.00,311.00,278.00,28,ripe
647.20,415.40,400.90,379.10,28,ripe
653.70,468.80,457.80,440.50,28,ripe
669.70,358.60,339.30,310.00,28,ripe
664.10,346.90,327.30,299.60,28,ripe
649.10,412.70,392.40,360.00,28,ripe
664.50,316.40,285.80,231.50,28,ripe
613.40,289.30,261.90,221.50,27,ripe
597.10,291.00,251.10,188.30,27,ripe
546.40,304.80,232.80,181.70,27,ripe
646.20,317.30,264.60,170.80,27,ripe
515.00,244.30,218.90,177.70,27,ripe
559.50,268.70,248.00,219.40,28,ripe
468.10,293.40,276.20,251.00,28,ripe
597.70,273.80,249.50,285.40,28,ripe
662.00,404.50,383.10,351.20,28,ripe
633.20,322.50,300.20,261.50,28,ripe
578.80,360.40,342.30,316.10,28,ripe
610.60,335.60,315.20,282.20,28,ripe
627.70,309.50,285.30,248.90,28,ripe
563.20,358.40,347.80,321.10,28,ripe
523.60,305.60,284.90,250.20,28,ripe
407.80,316.80,304.60,281.80,28,ripe
559.80,305.00,285.00,251.20,28,ripe
685.20,467.70,455.10,437.60,28,ripe
646.00,387.30,366.90,326.90,28,ripe
641.60,309.00,285.40,247.30,28,ripe
605.80,344.90,324.10,289.80,28,ripe
501.30,368.40,355.90,332.30,28,ripe
571.20,319.60,297.30,264.30,28,ripe
618.70,298.60,277.50,243.40,28,ripe
648.10,341.20,320.80,289.50,28,ripe
619.60,302.60,274.50,228.30,28,ripe
549.90,320.30,299.70,268.70,28,ripe
625.40,297.40,270.00,228.20,28,ripe
599.20,370.90,354.20,324.90,28,ripe
638.10,305.60,279.90,228.00,28,ripe
577.40,293.10,268.60,230.50,29,ripe
633.30,398.10,379.00,348.80,28,ripe
654.10,317.90,294.70,257.80,28,ripe
665.00,420.50,403.90,375.30,28,ripe
680.00,417.00,397.90,374.30,28,ripe
624.00,385.80,366.80,336.80,28,ripe
658.50,329.20,305.80,264.90,28,ripe
621.20,409.60,391.80,366.20,28,ripe
541.70,358.90,340.40,310.40,28,ripe
636.70,310.40,281.40,236.40,27,ripe
617.90,325.40,301.30,261.60,28,ripe
593.80,373.40,354.30,323.90,28,ripe
588.50,421.10,406.30,382.80,28,ripe
586.00,458.90,446.90,427.30,28,ripe
659.20,332.30,308.60,268.30,28,ripe
655.10,410.80,392.30,364.90,28,ripe
671.90,415.40,404.50,382.60,28,ripe
721.50,488.40,458.30,428.10,28,ripe
638.20,450.60,434.90,410.50,28,ripe
643.20,323.10,301.20,269.40,28,ripe
656.50,420.30,403.40,373.80,28,ripe
658.10,364.60,343.60,306.80,28,ripe
606.60,333.90,310.30,273.90,28,ripe
592.90,328.30,304.30,265.80,28,ripe
600.60,332.00,309.00,270.50,27,ripe
601.20,341.20,319.60,282.50,27,ripe
548.40,446.40,436.80,418.30,28,ripe
518.70,402.40,383.40,357.70,28,ripe
624.50,332.60,338.60,316.60,28,ripe
666.80,376.20,356.40,327.60,28,ripe
757.50,584.40,538.50,461.20,28,unripe
700.20,517.00,467.40,382.40,28,unripe
778.00,629.20,594.40,526.00,28,unripe
808.80,674.90,638.90,565.90,28,unripe
731.30,554.80,503.90,423.10,28,unripe
692.20,522.80,471.90,402.40,28,unripe
771.00,601.40,559.40,480.40,28,unripe
799.90,650.50,612.80,542.00,28,unripe
815.10,681.20,650.90,587.50,28,unripe
742.40,627.40,601.00,549.20,28,unripe
775.00,610.40,568.70,494.20,28,unripe
770.90,607.40,564.70,492.30,28,unripe
690.10,611.60,588.00,553.30,28,unripe
783.30,621.30,578.70,506.30,28,unripe
751.20,635.80,608.30,558.80,28,unripe
762.70,631.00,598.00,540.90,28,unripe
796.40,650.10,613.10,547.00,28,unripe
803.00,647.10,607.50,535.70,28,unripe
806.80,657.50,620.60,551.70,28,unripe
779.90,658.30,628.30,564.40,28,unripe
798.50,639.30,598.00,524.10,28,unripe
787.20,665.70,636.70,586.00,28,unripe
808.50,679.40,646.50,588.30,28,unripe
774.60,605.70,561.50,485.50,28,unripe
755.60,606.60,570.50,505.00,28,unripe
756.80,624.10,592.80,533.00,28,unripe
733.80,644.50,622.70,580.00,28,unripe
782.50,611.10,565.20,486.10,28,unripe
776.70,611.00,567.40,495.10,28,unripe
796.20,690.70,667.20,623.00,28,unripe
831.90,697.70,665.30,604.50,28,unripe
831.40,696.20,664.70,605.30,28,unripe
856.30,734.00,706.40,652.20,28,unripe
805.10,661.60,626.40,563.60,28,unripe
768.00,598.20,552.00,480.60,28,unripe
714.40,606.00,581.40,536.60,28,unripe
780.10,619.50,577.90,507.60,28,unripe
785.80,618.30,575.50,497.40,28,unripe
787.80,657.70,625.20,567.30,28,unripe
811.40,658.10,620.40,545.40,28,unripe
741.20,584.70,542.80,472.60,28,unripe
688.20,528.30,488.40,419.40,28,unripe
751.10,599.40,560.60,490.30,28,unripe
719.40,571.20,530.90,465.50,28,unripe
726.40,603.20,568.00,522.20,28,unripe
747.10,587.20,541.00,470.50,28,unripe
680.20,564.50,536.80,488.80,28,unripe
723.90,584.30,544.90,478.70,28,unripe
752.70,616.50,579.60,519.60,28,unripe
763.00,605.80,565.90,498.20,28,unripe
766.50,641.60,610.50,558.80,28,unripe
769.80,614.00,573.80,506.50,28,unripe
752.10,587.70,545.40,480.00,28,unripe
738.90,609.40,576.80,525.80,28,unripe
721.80,605.10,576.20,532.70,28,unripe
752.60,614.60,579.40,520.30,28,unripe
768.30,601.50,556.40,483.10,28,unripe
748.00,581.90,538.60,465.40,28,unripe
693.20,548.80,508.80,443.80,28,unripe
759.90,589.60,545.60,470.40,27,unripe
756.00,612.80,575.60,513.10,27,unripe
746.50,605.90,572.10,516.80,27,unripe
746.50,589.60,550.70,480.90,27,unripe
731.20,543.40,490.10,409.50,27,unripe
688.80,547.90,509.90,448.00,27,unripe
686.10,505.20,452.10,371.00,26,unripe
560.30,471.80,444.90,407.90,28,unripe
670.40,463.10,401.10,306.30,28,unripe
793.50,675.00,652.30,597.70,28,unripe
780.20,604.70,555.70,478.00,28,unripe
706.40,583.40,550.00,495.50,28,unripe
689.20,524.40,475.90,405.20,27,unripe
670.00,546.70,511.70,460.70,28,unripe
837.60,732.40,707.10,664.60,28,unripe
646.20,513.20,474.90,420.30,27,unripe
777.70,601.80,554.40,472.30,28,unripe
697.40,529.40,479.90,407.50,27,unripe
705.20,582.80,549.90,494.70,28,unripe
766.30,587.70,543.50,465.60,28,unripe
759.00,607.30,567.10,497.20,28,unripe
798.90,664.00,630.90,570.40,28,unripe
739.30,596.60,561.80,497.60,28,unripe
703.40,597.10,577.60,532.50,28,unripe
764.50,624.70,590.30,528.10,28,unripe
763.90,585.80,537.70,459.50,28,unripe
764.40,592.90,545.70,469.20,28,unripe
715.00,580.70,548.60,491.20,28,unripe
781.20,628.30,593.90,532.60,28,unripe
775.30,609.10,565.40,491.10,28,unripe
785.80,622.90,581.60,505.80,28,unripe
779.10,624.00,583.10,513.80,28,unripe
771.50,594.70,547.80,469.70,28,unripe
774.00,600.50,555.70,476.90,28,unripe
807.00,653.70,610.80,530.40,28,unripe
770.70,587.60,539.80,454.50,28,unripe
635.50,509.30,476.50,424.60,27,unripe
687.00,503.90,446.80,367.80,27,unripe
737.10,582.20,540.50,465.80,28,unripe
619.90,459.00,402.50,351.30,27,unripe
745.30,577.30,529.30,450.00,28,unripe
762.80,607.90,565.30,487.30,28,unripe
748.10,563.80,516.10,430.70,27,unripe
747.50,566.60,510.40,423.90,28,unripe
721.40,525.00,468.00,379.80,27,unripe
588.40,461.70,422.60,373.70,27,unripe
740.70,574.10,530.00,448.00,27,unripe
690.10,522.50,476.20,405.30,27,unripe
680.90,520.10,476.40,408.60,27,unripe
567.90,445.10,408.60,356.80,27,unripe
729.90,544.10,494.30,412.00,27,unripe
740.00,548.00,495.80,404.20,27,unripe
734.90,527.10,467.70,373.80,27,unripe
734.00,526.00,466.40,372.10,27,unripe
713.20,549.80,506.00,431.10,27,unripe
702.80,528.50,481.20,400.40,27,unripe
743.90,560.70,518.20,433.90,28,unripe
730.10,536.80,484.70,398.60,27,unripe
770.60,599.00,554.60,474.10,27,unripe
772.30,600.20,557.00,478.10,27,unripe
771.30,599.60,556.60,478.10,27,unripe
747.80,560.40,510.10,421.70,27,unripe
749.60,543.40,435.30,329.20,28,unripe
613.40,510.20,528.00,482.40,27,unripe
670.70,567.00,541.30,499.60,27,unripe