red,green,blue,ambient,label
764.20,737.70,739.60,731.00,ripe
763.80,742.60,742.90,732.80,ripe
762.00,739.10,739.80,731.20,ripe
759.20,738.60,738.40,730.20,ripe
758.30,739.00,739.50,731.60,ripe
757.10,739.40,738.90,729.70,ripe
756.50,736.30,737.80,731.80,ripe
758.90,742.70,743.20,735.80,ripe
762.00,742.40,740.50,730.40,ripe
758.10,738.90,739.60,730.70,ripe
758.30,738.80,738.50,731.10,ripe
757.80,737.80,736.90,728.50,ripe
755.60,736.90,737.50,728.30,ripe
755.40,735.90,735.30,727.30,ripe
754.50,734.40,734.90,727.10,ripe
753.80,734.30,734.70,725.70,ripe
752.70,733.20,733.50,725.00,ripe
751.70,732.30,733.10,728.10,ripe
753.50,734.60,734.20,724.40,ripe
750.90,733.10,732.40,724.40,ripe
749.80,733.10,732.80,724.50,ripe
749.20,731.70,731.90,724.00,ripe
748.80,731.10,730.30,722.50,ripe
748.10,730.60,730.30,722.50,ripe
747.10,730.10,731.10,722.60,ripe
747.10,729.80,730.30,722.20,ripe
747.10,730.60,730.40,722.90,ripe
747.40,731.10,731.00,722.70,ripe
745.90,729.00,729.50,722.20,ripe
745.30,729.70,728.50,721.00,ripe
744.10,728.60,728.40,721.80,ripe
744.30,728.10,728.20,720.60,ripe
743.60,727.60,727.90,720.70,ripe
742.90,728.80,728.80,721.20,ripe
743.70,728.70,728.70,721.00,ripe
743.60,727.50,727.60,720.00,ripe
743.10,728.80,728.10,720.30,ripe
742.70,727.20,727.60,720.50,ripe
743.20,727.50,727.20,721.30,ripe
742.90,728.50,728.30,721.00,ripe
744.00,731.50,731.00,723.40,ripe
743.70,729.10,729.20,722.00,ripe
743.80,729.20,728.70,721.30,ripe
743.40,728.30,727.80,720.50,ripe
742.80,729.00,728.60,720.50,ripe
742.70,728.30,728.30,721.00,ripe
742.80,728.60,728.50,721.30,ripe
742.70,728.10,727.50,720.00,ripe
742.30,727.70,727.90,720.60,ripe
741.70,727.50,727.50,720.10,ripe
742.30,728.10,727.90,720.60,ripe
742.60,728.00,726.40,718.80,ripe
742.20,727.70,727.50,720.20,ripe
741.70,727.80,727.30,720.30,ripe
741.70,727.50,726.80,720.20,ripe
741.10,727.40,727.40,720.20,ripe
741.20,726.90,727.60,720.80,ripe
742.20,728.20,728.90,722.20,ripe
742.80,728.40,728.60,721.70,ripe
742.90,728.60,728.70,720.00,ripe
739.10,724.70,723.50,716.60,ripe
735.00,720.90,721.70,714.90,ripe
734.40,721.70,721.00,714.70,ripe
734.50,722.20,722.10,715.50,ripe
735.70,722.70,723.20,716.70,ripe
736.10,723.40,724.90,718.10,ripe
738.80,726.20,726.40,719.30,ripe
738.80,725.40,725.30,717.50,ripe
736.50,723.60,723.50,716.70,ripe
736.50,723.40,723.00,716.50,ripe
736.40,722.10,722.00,714.60,ripe
734.40,720.70,719.60,712.90,ripe
734.10,720.60,721.40,714.50,ripe
734.80,721.20,720.80,714.20,ripe
735.40,721.60,721.90,714.90,ripe
736.10,722.30,721.40,714.70,ripe
734.60,720.40,721.10,714.50,ripe
735.30,721.60,721.00,714.70,ripe
735.10,722.50,723.30,713.90,ripe
734.40,720.30,718.50,710.00,ripe
730.60,716.40,716.00,710.00,ripe
733.10,722.50,720.60,712.20,ripe
731.40,718.20,716.30,708.10,ripe
727.00,713.10,711.30,703.80,ripe
723.80,711.10,710.50,703.20,ripe
723.20,710.80,709.80,704.00,ripe
724.10,711.40,710.20,703.20,ripe
723.30,711.00,710.30,703.70,ripe
723.30,711.20,710.30,703.50,ripe
722.70,710.80,710.10,703.90,ripe
723.20,710.50,709.90,703.40,ripe
723.70,711.20,710.30,703.20,ripe
722.50,710.60,709.90,703.10,ripe
722.40,710.00,708.70,697.90,ripe
713.90,703.20,715.40,721.80,ripe
740.20,729.80,730.40,724.70,ripe
741.50,731.20,731.40,725.20,ripe
742.50,731.40,732.00,725.70,ripe
743.60,731.80,732.00,725.60,ripe
743.90,732.10,731.80,725.30,ripe
744.30,731.60,732.20,725.50,ripe
744.10,731.70,732.10,725.60,ripe
744.60,731.60,731.40,724.80,ripe
744.70,731.10,731.40,724.10,ripe
743.90,731.00,731.20,724.40,ripe
743.50,730.30,730.80,724.60,ripe
743.80,730.50,730.80,723.70,ripe
743.50,730.60,730.80,723.90,ripe
743.00,730.20,730.30,724.00,ripe
742.80,730.30,730.30,723.50,ripe
742.80,730.50,730.20,724.10,ripe
741.70,730.90,731.80,725.40,ripe
742.20,731.30,731.70,725.40,ripe
743.20,731.10,731.00,725.20,ripe
742.90,731.80,731.10,724.60,ripe
742.80,731.30,731.70,725.20,ripe
743.20,731.00,731.40,725.10,ripe
743.10,731.10,730.70,724.20,ripe
743.00,731.10,731.30,724.70,ripe
742.80,731.20,731.40,724.90,ripe
742.90,731.20,731.30,724.80,ripe
741.30,728.50,728.80,722.30,ripe
741.90,728.60,729.00,722.30,ripe
742.50,728.60,728.50,721.70,ripe
741.90,728.80,728.80,722.60,ripe
741.80,728.60,729.20,722.40,ripe
742.20,729.30,729.00,721.70,ripe
741.80,729.30,728.50,721.80,ripe
741.50,728.70,728.90,721.60,ripe
741.50,728.40,728.30,721.80,ripe
741.80,728.60,728.50,722.10,ripe
741.70,729.20,729.30,722.40,ripe
741.80,729.30,729.50,722.40,ripe
733.50,710.80,703.10,720.30,ripe
740.80,727.70,728.10,721.70,ripe
741.50,728.20,728.40,722.00,ripe
741.70,728.70,728.80,721.80,ripe
741.40,728.70,728.60,722.00,ripe
742.10,728.50,729.30,722.30,ripe
741.60,728.10,728.00,720.00,ripe
738.70,722.90,723.70,718.60,ripe
740.40,726.30,726.70,720.60,ripe
742.70,728.90,729.40,723.40,ripe
743.60,730.10,730.60,723.30,ripe
743.50,730.30,730.10,723.40,ripe
743.40,730.20,730.10,723.60,ripe
743.30,730.20,730.30,724.10,ripe
743.50,730.00,730.10,723.00,ripe
742.90,729.70,729.50,722.70,ripe
743.60,729.90,729.50,723.20,ripe
743.10,729.90,730.20,723.30,ripe
743.00,729.20,730.10,723.70,ripe
742.90,729.70,730.10,723.60,ripe
744.00,730.60,730.30,723.40,ripe
743.00,730.40,730.70,724.50,ripe
744.00,730.10,730.70,724.00,ripe
740.60,729.80,729.90,723.70,ripe
738.90,727.50,728.20,718.40,ripe
738.70,727.90,729.10,723.50,ripe
740.50,728.80,729.60,722.10,ripe
742.00,728.60,727.70,720.50,ripe
742.00,728.60,730.00,723.60,ripe
742.50,729.70,730.30,723.90,ripe
741.90,729.80,730.10,723.50,ripe
741.90,730.00,729.90,722.90,ripe
741.80,729.30,729.80,723.50,ripe
742.30,729.50,730.00,723.30,ripe
743.00,730.00,730.10,723.50,ripe
743.00,730.50,730.40,723.20,ripe
742.90,729.90,730.50,723.30,ripe
742.50,729.50,729.70,722.50,ripe
743.20,729.80,729.60,723.00,ripe
741.80,729.50,730.10,723.20,ripe
741.60,729.00,729.70,723.30,ripe
741.40,729.40,729.20,722.60,ripe
742.10,729.70,729.60,722.80,ripe
742.00,729.40,729.40,722.80,ripe
741.60,728.90,729.20,722.70,ripe
742.20,729.00,729.00,722.30,ripe
741.70,729.10,729.40,722.40,ripe
741.30,728.80,729.50,722.50,ripe
741.70,728.60,728.40,722.00,ripe
741.90,728.80,729.10,721.80,ripe
741.90,728.70,729.10,721.80,ripe
741.70,728.60,728.50,721.50,ripe
742.00,728.40,728.40,721.70,ripe
740.60,728.60,728.40,721.80,ripe
739.90,728.30,728.70,721.90,ripe
740.60,728.00,728.30,721.50,ripe
740.40,728.40,728.60,721.40,ripe
740.60,728.30,728.80,721.20,ripe
740.60,727.80,727.80,721.50,ripe
740.90,728.00,728.40,721.70,ripe
740.10,728.40,728.10,721.10,ripe
739.70,727.80,727.90,721.40,ripe
739.70,727.40,727.70,721.30,ripe
740.00,728.10,727.70,720.90,ripe
740.10,727.50,727.60,721.40,ripe
739.60,727.10,727.60,721.10,ripe
739.90,727.70,727.70,720.80,ripe
739.40,727.40,727.70,720.70,ripe
739.00,727.00,727.40,720.80,ripe
739.00,726.70,727.20,720.90,ripe
739.30,727.10,727.30,720.40,ripe
738.50,726.70,727.30,720.40,ripe
738.40,726.50,726.70,720.50,ripe
738.30,727.10,726.70,720.20,ripe
738.70,726.80,727.20,720.10,ripe
738.60,726.30,726.30,720.60,ripe
738.50,726.40,726.30,719.70,ripe
738.30,726.10,726.60,720.10,ripe
737.90,726.20,726.50,720.00,ripe
738.60,725.90,726.00,719.90,ripe
738.50,726.80,726.90,720.00,ripe
738.50,726.40,726.70,720.00,ripe
738.70,726.30,726.90,720.10,ripe
739.00,726.90,726.50,719.90,ripe
738.50,726.40,727.00,720.00,ripe
738.60,726.00,726.10,720.20,ripe
738.60,726.10,726.00,719.70,ripe
738.60,726.80,726.60,719.90,ripe
737.70,726.00,726.40,719.70,ripe
738.30,726.30,726.30,720.10,ripe
738.30,726.30,726.20,719.60,ripe
738.20,726.20,726.50,720.10,ripe
737.60,725.90,726.60,720.10,ripe
738.10,726.10,726.30,720.10,ripe
737.10,726.30,726.70,719.90,ripe
737.00,725.90,726.50,720.20,ripe
738.40,726.40,726.50,720.30,ripe
738.70,726.10,726.20,719.70,ripe
738.10,726.20,726.50,720.10,ripe
735.40,724.80,725.40,719.30,ripe
736.30,725.00,725.10,719.10,ripe
736.30,725.40,725.60,718.60,ripe
735.80,724.30,724.80,718.60,ripe
735.90,724.70,725.20,718.90,ripe
736.30,724.80,725.40,718.60,ripe
735.80,725.10,725.30,718.90,ripe
735.40,725.00,725.10,719.50,ripe
735.80,724.60,725.00,719.00,ripe
735.70,725.40,725.50,718.60,ripe
735.60,725.00,725.00,718.80,ripe
735.50,724.50,724.80,718.70,ripe
735.80,724.80,725.10,718.60,ripe
735.80,724.80,724.70,718.70,ripe
735.30,724.30,724.70,718.50,ripe
735.10,724.00,724.10,717.90,ripe
735.30,724.20,724.50,718.20,ripe
735.20,724.30,724.30,718.00,ripe
734.20,723.90,724.60,718.30,ripe
734.20,723.50,723.90,717.70,ripe
733.70,723.50,723.70,717.50,ripe
733.50,723.30,723.70,717.00,ripe
732.70,722.50,722.50,716.60,ripe
732.70,722.20,721.90,716.30,ripe
732.60,722.40,722.70,716.70,ripe
732.20,722.60,722.90,716.80,ripe
732.10,721.90,722.40,716.60,ripe
732.10,722.50,722.20,716.20,ripe
732.40,722.30,722.50,716.30,ripe
732.40,722.60,722.30,716.60,ripe
733.10,722.00,721.80,715.30,ripe
733.30,721.30,721.40,715.40,ripe
732.60,721.80,721.80,715.80,ripe
730.70,721.30,721.50,715.70,ripe
731.90,720.90,720.90,715.40,ripe
731.60,721.50,721.20,715.40,ripe
731.80,721.30,721.60,714.80,ripe
731.80,721.40,721.50,715.70,ripe
731.30,720.60,721.00,714.50,ripe
731.10,720.70,720.70,714.80,ripe
729.40,720.50,720.80,714.80,ripe
729.30,720.30,720.50,714.30,ripe
729.50,720.10,720.00,714.80,ripe
729.40,720.20,719.70,714.10,ripe
729.70,720.30,719.70,713.70,ripe
728.50,719.60,719.70,713.80,ripe
729.20,719.30,719.80,714.10,ripe
729.30,719.00,719.10,713.10,ripe
729.50,719.20,719.20,713.00,ripe
729.70,720.10,719.90,713.90,ripe
730.40,720.00,719.90,714.50,ripe
730.80,719.70,719.60,713.50,ripe
730.30,719.60,719.40,713.30,ripe
731.00,719.00,719.10,712.50,ripe
731.10,719.00,719.20,712.90,ripe
731.10,719.10,719.40,713.50,ripe
731.30,719.70,719.60,713.40,ripe
731.60,719.90,720.00,713.80,ripe
730.50,719.80,719.90,713.90,ripe
730.20,719.80,719.70,713.50,ripe
730.20,719.30,719.60,713.10,ripe
731.00,719.80,719.60,713.00,ripe
731.10,720.10,720.90,714.10,ripe
731.40,719.60,719.60,713.20,ripe
730.80,719.90,719.60,713.20,ripe
730.00,719.50,719.60,713.40,ripe
729.10,718.80,719.30,712.60,ripe
727.50,718.20,718.20,712.80,ripe
725.90,717.70,717.90,712.40,ripe
726.80,718.30,718.80,712.00,ripe
727.10,718.70,718.60,712.90,ripe
727.30,717.90,718.30,712.60,ripe
728.00,718.20,718.50,711.90,ripe
726.90,718.00,718.00,712.80,ripe
728.10,718.30,718.40,712.00,ripe
727.90,718.10,717.80,712.70,ripe
728.10,717.30,717.70,711.70,ripe
728.20,717.70,717.90,711.30,ripe
727.70,717.40,717.50,710.80,ripe
726.70,716.80,717.00,711.70,ripe
726.90,716.60,717.40,711.90,ripe
727.20,717.60,717.80,711.60,ripe
727.00,717.80,717.50,711.90,ripe
727.20,717.10,717.30,711.40,ripe
726.20,716.50,716.70,710.60,ripe
725.00,715.70,715.80,710.40,ripe
723.20,715.50,716.80,711.50,ripe
725.30,716.60,717.50,711.80,ripe
726.20,717.30,716.90,712.00,ripe
727.70,718.20,718.70,712.60,ripe
727.60,718.30,719.60,714.00,ripe
729.40,719.70,718.50,712.00,ripe
731.30,718.50,715.40,705.30,ripe
726.00,713.10,712.20,707.20,ripe
723.80,712.90,713.10,707.40,ripe
721.50,711.40,712.40,706.00,ripe
722.00,712.50,712.70,706.20,ripe
721.30,712.70,712.60,706.70,ripe
720.80,712.20,712.50,706.80,ripe
720.70,712.30,712.50,706.80,ripe
720.40,712.00,712.30,706.70,ripe
719.70,711.80,711.80,706.70,ripe
719.60,711.70,711.90,706.10,ripe
720.30,712.50,712.30,706.30,ripe
720.10,712.00,712.30,706.40,ripe
719.90,712.00,711.70,706.50,ripe
719.90,712.20,712.00,707.20,ripe
720.70,712.10,712.20,706.70,ripe
720.60,712.20,712.40,706.80,ripe
721.00,712.00,712.10,706.50,ripe
720.80,712.20,712.10,706.50,ripe
720.70,711.90,712.00,706.10,ripe
720.20,711.30,711.20,705.80,ripe
720.60,711.70,711.10,706.10,ripe
720.30,712.40,712.20,706.20,ripe
719.80,711.70,711.70,706.20,ripe
720.20,711.20,711.10,705.60,ripe
719.90,711.40,711.40,705.10,ripe
719.70,711.50,711.80,705.90,ripe
719.90,711.30,711.30,706.00,ripe
720.10,711.60,711.40,705.20,ripe
719.50,711.50,712.20,705.80,ripe
720.20,711.30,712.00,706.40,ripe
721.50,712.10,712.10,706.10,ripe
721.70,713.10,712.50,706.70,ripe
721.50,712.60,712.70,707.00,ripe
721.90,712.60,712.80,706.80,ripe
722.30,713.00,713.00,707.40,ripe
722.10,713.00,713.00,707.60,ripe
721.80,713.10,713.90,707.40,ripe
722.50,713.70,713.20,707.20,ripe
722.50,713.70,713.30,707.60,ripe
722.00,713.00,713.20,707.90,ripe
722.10,712.80,713.70,708.00,ripe
722.30,713.20,713.40,707.70,ripe
721.00,712.70,712.60,707.70,ripe
720.40,712.40,712.40,707.10,ripe
719.20,711.50,711.30,706.40,ripe
718.60,711.90,711.80,706.20,ripe
719.10,711.90,711.70,706.30,ripe
719.30,711.90,711.40,706.30,ripe
718.30,711.50,711.50,706.90,ripe
717.50,710.90,711.10,706.20,ripe
717.80,711.80,711.50,706.50,ripe
718.20,712.50,714.10,709.00,ripe
726.30,717.10,717.30,712.30,ripe
728.00,717.20,717.20,711.60,ripe
727.50,717.90,718.00,711.60,ripe
727.00,717.60,717.50,711.80,ripe
727.40,717.20,718.20,711.60,ripe
728.20,717.50,718.10,711.70,ripe
726.60,716.90,717.70,711.40,ripe
727.50,717.70,717.10,711.50,ripe
727.40,717.80,717.30,711.20,ripe
727.50,717.80,717.90,711.20,ripe
727.60,717.40,717.60,711.30,ripe
728.20,717.40,717.40,711.40,ripe
728.40,717.70,717.70,711.20,ripe
727.90,717.50,717.90,711.00,ripe
727.80,717.20,717.50,711.30,ripe
728.50,717.40,717.40,711.20,ripe
731.10,717.30,717.30,711.40,ripe
733.00,719.30,718.70,712.10,ripe
732.40,717.90,718.60,712.60,ripe
732.80,719.00,719.20,711.60,ripe
732.30,717.70,717.50,710.60,ripe
731.90,717.60,717.70,710.90,ripe
732.40,718.10,717.20,710.20,ripe
732.40,718.30,718.30,711.70,ripe
732.70,718.50,719.10,713.20,ripe
733.50,720.60,720.80,714.80,ripe
734.70,720.30,720.80,714.10,ripe
734.40,720.50,721.20,714.20,ripe
734.20,720.30,720.50,713.90,ripe
734.40,720.00,720.30,713.40,ripe
734.60,720.70,720.30,713.50,ripe
734.50,720.70,720.50,714.20,ripe
734.70,720.60,720.40,714.00,ripe
734.50,721.00,721.00,714.90,ripe
735.10,721.40,721.60,715.10,ripe
735.10,721.30,720.70,714.70,ripe
735.30,721.10,720.90,714.10,ripe
734.80,721.10,721.20,714.90,ripe
735.50,721.50,721.40,714.90,ripe
734.90,721.20,721.90,716.00,ripe
735.50,722.90,722.80,716.00,ripe
734.40,722.60,722.80,716.10,ripe
734.90,721.90,721.80,716.00,ripe
735.50,722.00,721.70,715.50,ripe
733.70,721.80,721.40,715.20,ripe
732.70,721.30,721.70,715.80,ripe
733.60,721.40,721.00,715.10,ripe
732.30,721.00,720.80,715.30,ripe
732.60,721.60,721.10,715.20,ripe
732.30,721.00,721.10,715.10,ripe
731.70,719.80,720.30,714.40,ripe
731.20,721.10,721.40,715.30,ripe
733.60,721.50,721.80,715.30,ripe
733.20,721.40,721.10,715.10,ripe
732.90,721.50,721.60,714.90,ripe
733.30,721.50,722.10,715.30,ripe
733.90,721.00,721.20,715.30,ripe
733.80,720.60,721.20,715.30,ripe
732.40,720.90,721.10,714.90,ripe
732.00,720.90,721.50,715.50,ripe
732.10,720.90,720.80,714.80,ripe
732.80,721.10,720.90,714.70,ripe
732.30,720.70,721.00,715.10,ripe
732.50,720.70,721.10,714.70,ripe
733.10,720.70,721.20,715.00,ripe
733.60,721.40,721.30,715.00,ripe
733.80,721.00,721.30,715.00,ripe
733.70,720.60,720.80,714.20,ripe
733.40,720.30,720.70,714.80,ripe
733.00,720.40,720.80,714.60,ripe
732.40,720.00,720.30,714.10,ripe
733.10,720.40,721.10,714.90,ripe
733.10,721.00,721.30,715.20,ripe
732.40,720.60,720.80,714.80,ripe
733.40,720.50,720.60,714.40,ripe
733.80,721.00,720.70,714.40,ripe
732.90,720.20,720.50,713.40,ripe
733.10,718.70,718.60,712.30,ripe
731.70,719.10,718.90,713.10,ripe
731.70,718.60,718.60,712.30,ripe
731.80,719.60,719.80,713.30,ripe
731.90,719.50,719.80,713.70,ripe
731.80,719.60,719.50,712.40,ripe
731.30,719.90,721.00,714.50,ripe
733.00,720.40,720.60,713.00,ripe
732.80,719.80,719.70,713.60,ripe
732.10,718.80,718.20,712.60,ripe
733.00,719.70,720.00,712.40,ripe
731.90,717.00,715.50,707.40,ripe
728.00,713.10,712.30,704.80,ripe
727.60,713.90,714.80,707.90,ripe
730.50,719.00,721.30,715.30,ripe
735.50,721.70,721.70,714.80,ripe
734.70,721.00,721.70,714.60,ripe
735.40,721.10,720.10,713.50,ripe
734.70,720.80,719.80,712.70,ripe
732.70,718.50,719.80,713.30,ripe
733.30,718.90,718.70,713.50,ripe
735.60,722.10,722.30,715.80,ripe
736.00,722.90,722.80,717.00,ripe
736.20,723.10,723.30,716.80,ripe
736.80,723.00,723.30,716.70,ripe
737.60,724.60,724.70,718.00,ripe
736.80,723.40,723.60,716.70,ripe
736.40,722.60,722.80,716.30,ripe
736.50,723.20,723.30,716.70,ripe
736.70,723.50,724.10,717.70,ripe
736.80,724.20,724.40,718.30,ripe
736.40,724.20,724.00,717.60,ripe
736.50,724.10,724.20,717.80,ripe
736.30,724.40,724.70,718.50,ripe
735.80,723.90,724.90,718.20,ripe
736.70,723.80,723.50,716.50,ripe
737.10,723.90,723.70,717.10,ripe
737.00,723.90,723.90,717.30,ripe
737.10,723.50,724.30,718.00,ripe
737.40,724.30,724.70,718.40,ripe
737.10,724.60,724.60,717.80,ripe
737.40,724.00,724.70,717.50,ripe
737.10,723.50,724.40,718.30,ripe
737.50,724.20,724.20,717.70,ripe
737.60,724.50,725.00,718.50,ripe
737.40,724.50,724.90,717.90,ripe
737.80,724.60,724.40,717.90,ripe
737.20,723.80,724.40,717.60,ripe
737.40,724.50,724.30,718.20,ripe
737.40,724.70,724.80,718.40,ripe
737.50,724.60,724.10,717.70,ripe
737.20,723.70,724.50,717.90,ripe
737.00,724.40,724.30,717.30,ripe
726.60,724.30,726.40,719.80,unripe
743.20,727.50,726.60,715.60,unripe
740.70,722.60,722.70,711.90,unripe
739.80,722.90,723.30,713.90,unripe
740.20,724.00,725.00,716.30,unripe
742.40,726.20,725.60,715.60,unripe
742.40,726.30,726.30,716.20,unripe
742.10,725.70,726.10,715.70,unripe
742.20,726.00,725.90,715.60,unripe
742.00,725.50,724.40,713.40,unripe
739.90,724.40,725.70,715.50,unripe
740.60,725.40,726.00,714.70,unripe
740.20,724.50,725.40,715.30,unripe
740.70,724.70,725.20,716.00,unripe
740.00,725.20,722.50,713.60,unripe
736.20,722.70,721.60,711.80,unripe
736.90,724.70,727.70,718.80,unripe
744.20,727.60,730.00,719.20,unripe
745.60,729.70,730.10,719.90,unripe
745.60,729.20,728.40,718.50,unripe
745.30,730.00,730.50,721.00,unripe
746.40,730.40,731.30,721.90,unripe
746.90,730.70,730.10,720.00,unripe
746.30,729.90,730.30,719.50,unripe
745.40,730.20,729.50,720.20,unripe
745.30,729.30,729.40,719.50,unripe
745.60,729.00,729.50,718.80,unripe
744.80,728.80,729.00,718.30,unripe
745.20,728.60,729.00,718.60,unripe
746.00,728.90,729.20,718.90,unripe
745.80,728.00,728.50,718.00,unripe
745.70,728.50,729.60,718.50,unripe
745.90,728.50,728.60,718.30,unripe
746.80,729.30,729.20,718.60,unripe
746.10,728.60,728.80,718.80,unripe
746.40,729.20,728.40,718.50,unripe
745.50,728.10,728.50,717.80,unripe
746.20,728.40,728.90,716.90,unripe
745.20,727.40,727.10,716.60,unripe
745.00,727.50,727.00,716.20,unripe
745.60,727.50,727.60,717.70,unripe
746.70,729.60,729.00,718.50,unripe
745.70,728.80,728.60,718.50,unripe
745.80,729.80,730.70,720.70,unripe
745.70,730.70,731.40,721.60,unripe
746.10,730.80,732.30,724.90,unripe
746.30,732.40,732.20,722.90,unripe
746.10,732.00,732.70,722.10,unripe
742.70,729.40,729.90,720.40,unripe
742.90,728.60,728.90,719.60,unripe
743.70,728.50,730.00,720.60,unripe
742.60,728.60,729.00,716.80,unripe
745.40,728.50,729.10,718.60,unripe
744.80,727.60,727.50,716.80,unripe
744.30,727.40,728.00,716.90,unripe
743.00,725.50,725.60,715.30,unripe
741.70,725.30,725.30,714.80,unripe
741.50,725.40,725.90,716.20,unripe
741.90,727.20,728.40,715.90,unripe
744.30,724.70,723.00,712.80,unripe
744.10,725.60,725.60,713.90,unripe
745.50,726.20,725.60,714.30,unripe
743.40,727.50,728.40,718.80,unripe
743.00,726.10,729.30,709.90,unripe
730.70,711.40,711.60,698.20,unripe
735.90,716.30,715.10,707.20,unripe
734.30,717.70,717.10,705.60,unripe
732.10,716.80,716.70,706.00,unripe
733.70,717.00,716.70,704.80,unripe
733.00,715.30,714.30,704.50,unripe
732.40,715.60,715.30,703.20,unripe
733.10,714.80,715.40,704.10,unripe
729.50,713.60,713.60,703.90,unripe
730.50,714.10,712.90,702.00,unripe
729.70,712.00,712.10,701.10,unripe
729.00,712.70,711.80,701.50,unripe
730.30,716.10,715.50,705.20,unripe
733.60,718.60,717.20,708.00,unripe
733.90,719.40,719.90,709.30,unripe
734.80,719.60,720.10,710.30,unripe
734.00,719.40,718.80,708.30,unripe
733.20,717.70,717.90,708.50,unripe
733.60,718.70,718.20,707.70,unripe
734.20,718.90,717.50,707.10,unripe
733.20,717.70,718.40,709.20,unripe
733.60,718.70,719.20,710.20,unripe
734.30,719.90,720.00,710.50,unripe
734.00,719.70,719.70,710.90,unripe
733.30,718.80,719.20,710.50,unripe
734.30,720.10,719.20,710.20,unripe
732.50,718.60,718.20,709.00,unripe
731.80,718.00,717.50,709.50,unripe
732.20,717.90,718.40,709.10,unripe
731.40,717.80,718.70,708.70,unripe
730.20,716.60,717.90,708.50,unripe
730.70,717.00,717.60,708.60,unripe
730.80,717.60,717.50,708.20,unripe
730.10,717.20,717.20,708.30,unripe
729.80,715.40,715.90,705.50,unripe
729.40,713.80,714.50,703.80,unripe
730.70,714.50,714.30,703.00,unripe
730.40,713.50,713.20,703.20,unripe
730.10,713.60,713.90,702.90,unripe
729.30,713.40,713.40,703.20,unripe
728.90,713.30,713.70,703.30,unripe
728.80,712.40,712.80,703.50,unripe
728.80,713.70,714.30,704.30,unripe
729.00,713.70,714.30,703.60,unripe
727.90,713.20,713.50,703.90,unripe
727.90,713.30,712.40,703.00,unripe
728.10,714.20,716.30,702.70,unripe
726.70,711.10,711.00,700.80,unripe
725.10,709.90,710.30,700.80,unripe
725.40,709.50,708.80,700.40,unripe
724.70,710.10,710.60,699.90,unripe
724.90,710.30,710.30,701.50,unripe
726.30,710.40,709.60,700.20,unripe
725.30,710.10,709.10,699.20,unripe
723.40,708.70,708.70,698.60,unripe
723.30,706.50,705.80,696.30,unripe
722.50,706.20,705.60,695.90,unripe
722.60,707.20,707.50,696.80,unripe
724.00,709.80,710.50,705.00,unripe
730.30,713.60,714.80,706.10,unripe
741.80,724.40,721.50,709.00,unripe
743.10,721.70,720.40,707.50,unripe
742.00,719.90,720.10,706.90,unripe
741.40,720.10,721.90,708.90,unripe
742.30,720.70,720.20,708.10,unripe
737.40,716.90,716.00,702.20,unripe
735.20,714.60,714.10,701.80,unripe
735.50,714.70,713.80,701.50,unripe
735.00,713.60,713.50,701.30,unripe
734.60,713.40,713.60,700.60,unripe
735.80,714.70,714.80,701.00,unripe
734.60,714.00,714.00,701.40,unripe
734.50,713.70,713.90,701.70,unripe
734.90,713.60,713.50,700.30,unripe
733.90,713.90,713.50,700.90,unripe
733.50,712.90,711.80,699.20,unripe
732.80,711.80,711.30,698.70,unripe
732.40,712.00,711.80,699.00,unripe
734.30,713.10,713.20,701.50,unripe
736.00,714.10,714.10,702.00,unripe
737.50,715.60,715.20,702.70,unripe
737.40,716.20,715.80,703.70,unripe
737.70,716.70,716.90,704.50,unripe
738.30,716.40,716.60,703.60,unripe
737.10,716.90,717.60,704.90,unripe
738.80,718.20,717.90,705.90,unripe
739.20,718.10,718.30,705.20,unripe
738.60,717.40,717.40,705.20,unripe
738.80,717.50,719.10,706.10,unripe
739.00,718.50,718.40,706.50,unripe
740.30,718.90,718.50,706.90,unripe
740.20,719.80,719.90,708.40,unripe
740.10,719.80,719.30,706.50,unripe
739.40,717.70,718.00,705.50,unripe
739.40,717.80,718.20,704.70,unripe
738.50,717.70,717.60,705.70,unripe
739.40,718.70,718.00,705.50,unripe
739.20,717.30,716.60,702.90,unripe
738.80,716.40,716.00,703.20,unripe
738.00,716.70,717.00,704.30,unripe
738.50,716.90,715.80,701.90,unripe
737.10,714.40,714.20,701.60,unripe
735.40,713.30,713.10,699.60,unripe
734.00,711.30,711.50,703.10,unripe
734.00,716.10,715.00,703.10,unripe
734.60,715.50,715.00,702.50,unripe
733.40,714.20,714.50,701.70,unripe
733.40,713.90,713.20,701.20,unripe
733.80,712.90,713.30,700.60,unripe
733.80,713.30,714.50,702.30,unripe
736.80,716.00,714.50,702.70,unripe
734.90,715.30,715.00,703.20,unripe
734.20,714.50,714.50,702.50,unripe
733.80,714.80,714.30,701.90,unripe
733.20,713.70,713.90,702.40,unripe
733.30,713.90,714.20,702.50,unripe
733.50,713.60,713.50,701.80,unripe
733.50,713.40,713.80,701.60,unripe
733.20,712.90,712.80,699.90,unripe
730.80,710.90,710.50,699.30,unripe
734.30,713.80,713.30,699.60,unripe
735.00,714.40,714.10,700.70,unripe
735.00,713.50,714.60,703.10,unripe
736.60,715.00,714.50,701.70,unripe
731.40,711.20,708.90,697.10,unripe
728.90,711.20,711.20,702.40,unripe
730.10,712.60,713.20,704.20,unripe
731.40,714.80,714.10,703.00,unripe
730.70,713.50,713.50,701.20,unripe
730.40,712.60,712.50,701.60,unripe
729.40,712.20,712.30,701.20,unripe
729.10,712.70,713.10,702.50,unripe
730.30,713.30,713.80,702.90,unripe
729.60,712.90,712.60,701.80,unripe
729.60,712.00,712.10,700.90,unripe
729.20,710.30,711.90,701.20,unripe
728.70,711.50,712.10,701.60,unripe
728.30,711.50,711.70,700.70,unripe
728.30,712.20,711.70,701.10,unripe
727.80,711.40,711.30,700.80,unripe
727.20,710.30,710.00,699.60,unripe
727.00,710.60,711.60,700.00,unripe
726.80,711.40,711.30,702.30,unripe
726.90,711.40,711.50,701.90,unripe
727.00,711.70,711.80,702.40,unripe
727.00,712.60,713.20,703.20,unripe
729.30,712.80,713.20,703.90,unripe
728.80,712.90,713.50,704.50,unripe
727.70,712.00,712.60,702.60,unripe
727.40,711.90,712.90,701.90,unripe
728.20,712.40,711.50,702.30,unripe
727.20,711.80,712.40,702.30,unripe
727.80,712.20,712.70,702.40,unripe
726.20,711.40,712.60,700.90,unripe
726.20,711.40,711.80,699.60,unripe
723.30,708.50,708.80,700.00,unripe
724.30,709.40,708.70,699.00,unripe
722.50,708.70,708.80,701.10,unripe
722.30,708.10,708.40,698.70,unripe
720.90,707.90,707.30,697.40,unripe
720.20,706.00,708.00,698.70,unripe
720.80,707.60,707.40,698.40,unripe
720.60,705.60,705.40,696.70,unripe
719.50,705.20,705.10,695.50,unripe
720.00,706.80,706.70,697.20,unripe
724.50,708.00,712.00,701.50,unripe
726.30,711.10,709.00,704.10,unripe
722.80,710.10,709.40,702.50,unripe
722.20,709.30,708.90,700.70,unripe
719.50,707.00,706.00,697.80,unripe
717.70,705.40,705.30,698.10,unripe
717.20,704.40,704.70,698.00,unripe
717.70,706.50,706.60,698.00,unripe
716.50,704.90,705.50,698.10,unripe
717.30,705.20,705.40,698.10,unripe
717.80,707.00,707.20,699.30,unripe
718.90,707.00,708.10,699.90,unripe
719.60,707.90,707.70,699.30,unripe
719.50,708.80,708.70,700.70,unripe
720.00,709.90,710.30,701.70,unripe
721.30,709.90,710.30,702.30,unripe
721.00,710.50,710.70,702.30,unripe
721.70,710.20,710.70,703.30,unripe
722.20,711.10,712.20,703.90,unripe
723.20,711.90,712.50,704.20,unripe
723.20,711.40,712.90,704.60,unripe
723.70,712.20,712.50,704.60,unripe
723.50,712.70,713.00,705.30,unripe
722.80,712.10,712.50,703.70,unripe
722.90,711.90,712.70,704.80,unripe
724.00,712.10,712.30,703.70,unripe
722.50,710.50,710.10,701.90,unripe
721.60,708.30,707.30,698.10,unripe
720.00,705.20,705.90,697.30,unripe
720.10,706.40,707.00,697.80,unripe
719.50,706.30,706.20,698.30,unripe
720.30,707.00,707.00,697.50,unripe
720.20,706.50,707.50,698.40,unripe
720.10,707.00,708.10,699.70,unripe
721.40,708.30,707.90,699.30,unripe
720.30,707.70,707.50,698.40,unripe
720.20,707.90,707.10,699.40,unripe
720.40,707.30,707.20,698.10,unripe
718.30,706.10,706.20,696.90,unripe
718.70,704.50,704.90,696.90,unripe
718.10,704.60,704.20,696.10,unripe
717.00,703.40,703.10,694.70,unripe
715.90,702.00,702.20,692.80,unripe
716.20,703.20,703.00,694.00,unripe
716.10,702.60,702.20,692.60,unripe
715.80,701.00,700.60,690.70,unripe
713.30,699.60,699.60,690.60,unripe
713.80,699.60,699.30,690.50,unripe
712.00,698.60,697.60,688.60,unripe
711.40,697.80,697.90,689.00,unripe
712.00,697.60,696.80,688.40,unripe
712.10,702.30,703.70,696.10,unripe
718.20,706.80,708.40,698.00,unripe
721.20,706.70,706.10,696.20,unripe
721.30,705.60,706.20,696.50,unripe
720.70,705.60,706.00,696.20,unripe
720.50,705.00,705.20,696.30,unripe
720.20,704.50,704.80,697.10,unripe
721.20,707.30,706.20,697.70,unripe
721.40,707.10,707.40,698.10,unripe
720.80,706.80,707.30,698.00,unripe
720.70,705.70,706.20,696.90,unripe
720.10,706.30,705.50,696.40,unripe
719.70,707.20,707.40,698.70,unripe
721.10,707.40,707.30,698.70,unripe
721.40,707.60,707.30,698.10,unripe
720.40,707.00,707.50,698.20,unripe
720.70,706.80,708.40,699.90,unripe
721.20,706.90,707.70,698.90,unripe
724.30,713.30,714.20,702.20,unripe
730.60,714.50,714.80,703.00,unripe
730.60,713.70,713.50,703.70,unripe
730.20,713.20,713.40,702.80,unripe
730.50,713.10,712.50,702.00,unripe
729.90,712.50,712.20,702.40,unripe
730.30,712.00,712.20,700.80,unripe
729.20,711.30,711.90,700.50,unripe
728.90,711.40,711.20,700.50,unripe
728.60,710.90,711.50,700.80,unripe
729.60,711.50,711.30,700.50,unripe
728.70,710.60,710.80,699.70,unripe
728.90,709.60,709.30,698.50,unripe
728.50,710.20,708.00,695.40,unripe
725.00,706.30,707.30,698.40,unripe
726.00,706.90,706.50,696.10,unripe
725.10,707.00,707.10,695.60,unripe
723.20,705.00,704.90,694.40,unripe
723.30,704.80,705.40,694.00,unripe
724.00,706.50,706.60,695.60,unripe
724.10,706.20,705.50,694.60,unripe
724.10,706.30,706.60,695.70,unripe
722.80,704.60,704.50,693.10,unripe
721.90,703.40,702.90,691.80,unripe
720.60,702.90,701.60,690.90,unripe
719.10,702.50,701.80,691.20,unripe
718.80,700.90,700.50,689.40,unripe
716.60,699.60,700.10,689.20,unripe
716.40,699.40,699.30,690.40,unripe
718.60,701.50,700.80,690.80,unripe
718.50,701.20,701.80,690.30,unripe
718.90,701.80,702.10,690.70,unripe
717.60,701.00,701.00,691.00,unripe
719.50,702.90,702.30,691.60,unripe
719.00,702.00,701.80,692.10,unripe
719.70,703.00,703.10,693.10,unripe
720.50,703.70,702.80,692.80,unripe
720.10,704.40,703.40,692.70,unripe
719.50,703.00,703.40,692.40,unripe
719.50,703.10,703.00,692.50,unripe
720.20,702.50,702.70,691.40,unripe
718.70,702.50,702.90,691.90,unripe
719.20,702.40,702.70,692.70,unripe
720.30,703.20,703.30,693.60,unripe
720.30,703.80,703.60,693.20,unripe
720.50,704.20,704.20,693.10,unripe
719.40,703.20,703.60,694.90,unripe
722.10,705.20,705.20,694.90,unripe
721.40,704.50,704.80,694.70,unripe
722.80,709.30,707.20,695.20,unripe
721.00,704.50,704.20,694.20,unripe
721.20,703.20,702.60,691.80,unripe
719.30,702.80,702.30,691.30,unripe
719.30,701.70,701.90,690.90,unripe
718.20,700.30,700.10,689.90,unripe
717.90,700.40,699.70,688.80,unripe
716.80,700.10,699.60,689.10,unripe
716.50,699.80,700.70,690.70,unripe
717.50,700.60,700.40,690.00,unripe
717.80,701.50,701.50,690.30,unripe
718.50,702.10,701.60,691.00,unripe
718.20,701.60,701.00,690.20,unripe
718.00,700.20,699.40,689.40,unripe
717.10,701.70,701.80,690.70,unripe
718.80,702.40,702.70,691.40,unripe
717.80,700.60,700.60,690.50,unripe
717.20,701.30,701.20,690.50,unripe
717.70,701.40,700.30,690.40,unripe
717.20,701.00,700.80,690.20,unripe
717.70,700.50,700.70,690.50,unripe
717.90,700.90,700.80,689.70,unripe
717.90,701.20,701.30,693.60,unripe
721.40,706.10,705.80,696.60,unripe
717.90,705.20,704.80,695.60,unripe
718.50,703.70,704.70,694.60,unripe
717.60,703.40,704.20,694.10,unripe
716.80,702.20,702.30,692.60,unripe
716.50,701.30,701.20,692.60,unripe
716.10,702.10,701.60,692.10,unripe
715.90,701.10,702.00,692.30,unripe
716.10,701.40,702.00,692.00,unripe
716.00,701.50,701.60,692.20,unripe
716.00,701.80,702.40,692.70,unripe
715.80,701.60,701.70,692.30,unripe
716.00,701.30,701.80,692.40,unripe
716.90,702.80,702.70,692.80,unripe
716.00,701.60,701.20,692.30,unripe
715.60,701.70,701.30,692.30,unripe
716.40,701.80,701.20,691.70,unripe
715.70,701.20,698.20,684.60,unripe
714.70,696.50,696.40,685.50,unripe
714.70,697.70,697.80,687.20,unripe
715.60,697.80,697.90,687.70,unripe
716.20,698.60,697.80,685.60,unripe
714.60,697.60,697.00,685.20,unripe
712.50,696.50,695.80,684.20,unripe
716.60,706.70,706.00,699.80,unripe
727.60,708.00,705.60,693.80,unripe
725.10,708.40,707.60,697.40,unripe
724.70,707.00,707.00,696.70,unripe
724.10,706.70,706.40,695.70,unripe
721.60,704.20,703.10,693.30,unripe
718.20,702.50,702.10,692.30,unripe
718.60,702.30,703.50,692.10,unripe
719.20,703.60,703.60,693.60,unripe
717.10,701.10,702.20,693.50,unripe
718.20,703.40,702.30,691.80,unripe
715.30,700.60,699.90,690.80,unripe
715.00,698.00,697.80,687.70,unripe
711.60,696.80,696.40,686.10,unripe
710.40,695.80,696.00,685.60,unripe
707.20,693.30,693.50,684.70,unripe
708.70,694.40,693.90,685.90,unripe
708.40,694.10,693.30,684.30,unripe
707.30,693.30,692.50,684.80,unripe
707.70,692.70,692.70,685.00,unripe
709.40,699.00,698.30,688.90,unripe
711.50,697.20,697.10,687.40,unripe
711.20,696.00,697.30,689.60,unripe
713.20,698.60,699.10,688.90,unripe
715.30,702.00,701.60,693.00,unripe
716.70,702.40,703.20,694.00,unripe
717.20,704.20,704.50,695.90,unripe
720.40,709.20,708.30,699.40,unripe
720.90,706.30,704.90,694.80,unripe
717.20,702.40,702.70,694.20,unripe
718.30,704.20,705.40,697.80,unripe
719.20,706.10,705.70,697.00,unripe
719.40,705.50,705.70,697.50,unripe
719.40,706.10,706.10,697.60,unripe
718.90,706.10,706.20,699.00,unripe
719.10,706.40,706.70,698.60,unripe
720.60,708.00,707.70,698.80,unripe
721.00,707.30,707.10,699.20,unripe
720.60,707.80,708.00,699.00,unripe
720.20,707.50,707.90,698.90,unripe
719.40,706.50,705.90,697.60,unripe
719.30,705.70,706.10,695.20,unripe
718.40,702.80,703.50,693.00,unripe
718.70,703.50,703.60,694.60,unripe
719.30,704.30,703.80,695.00,unripe
720.00,703.80,704.30,693.70,unripe
718.80,703.70,705.00,696.00,unripe
720.00,704.80,705.70,696.00,unripe
719.10,704.10,704.40,695.10,unripe
718.50,703.80,703.90,694.60,unripe
718.50,704.10,704.30,694.70,unripe
718.60,704.30,704.30,695.70,unripe
718.60,704.40,703.80,694.20,unripe
718.50,703.50,703.30,694.40,unripe
719.10,704.50,706.00,698.50,unripe
722.10,707.80,707.30,698.70,unripe
723.00,708.30,708.90,699.50,unripe
723.10,707.80,708.30,698.60,unripe
722.10,706.80,707.00,697.70,unripe
721.80,707.00,706.50,697.10,unripe
721.30,707.40,707.20,697.50,unripe
721.80,706.30,707.10,697.50,unripe
722.30,706.70,706.40,696.60,unripe
720.60,705.30,705.20,696.60,unripe
720.40,705.50,705.30,696.00,unripe
720.90,705.80,705.90,696.70,unripe
720.80,705.30,704.90,695.40,unripe
720.40,705.20,704.80,695.40,unripe
720.00,705.50,705.70,696.60,unripe
721.50,706.80,707.90,698.30,unripe
722.60,707.20,706.60,697.10,unripe
721.60,706.60,707.00,697.10,unripe
721.20,706.10,706.70,698.10,unripe
722.30,706.80,707.10,697.60,unripe
722.80,707.90,708.20,699.00,unripe
723.40,708.40,710.20,699.80,unripe
725.40,708.00,708.00,695.80,unripe
724.10,706.40,705.90,694.90,unripe
724.50,705.60,705.40,694.60,unripe
723.10,705.30,704.80,695.00,unripe
724.20,706.30,706.20,695.50,unripe
722.20,704.60,705.10,694.60,unripe
720.90,703.70,703.10,693.00,unripe
719.70,703.30,703.10,693.50,unripe
720.40,703.50,703.50,693.20,unripe
721.10,703.70,703.50,693.40,unripe
719.80,703.50,704.50,694.30,unripe
721.30,705.10,705.40,694.90,unripe
721.40,704.90,705.30,695.10,unripe
721.50,705.20,706.00,696.40,unripe
722.90,705.50,706.70,697.50,unripe
723.10,707.20,707.30,696.80,unripe
723.30,707.20,706.50,696.30,unripe
723.20,706.10,705.80,696.50,unripe
722.30,705.80,705.70,695.50,unripe
722.40,706.20,706.50,695.40,unripe
722.30,705.80,705.80,695.90,unripe
722.30,705.90,706.10,696.20,unripe
722.30,706.20,706.90,696.60,unripe
722.40,706.80,706.90,697.50,unripe
723.20,707.20,707.50,697.50,unripe
723.40,707.70,707.10,697.30,unripe
723.20,707.00,707.20,697.80,unripe
722.90,707.10,708.50,698.50,unripe
724.00,707.80,708.80,699.20,unripe
724.30,708.50,708.80,699.10,unripe
724.20,708.60,708.80,699.20,unripe
724.10,709.40,710.10,700.00,unripe
724.60,709.10,710.10,701.40,unripe
725.90,709.50,709.50,699.70,unripe
724.70,708.80,709.10,698.50,unripe
724.20,708.30,708.40,699.00,unripe
724.90,708.10,708.00,697.70,unripe
724.70,708.20,709.30,699.00,unripe
724.10,707.80,707.70,697.90,unripe
723.40,706.40,706.60,695.10,unripe
779.20,651.80,624.00,566.50,unripe
785.10,661.50,632.70,567.30,unripe
784.40,661.50,633.70,571.20,unripe
786.00,661.20,630.80,566.90,unripe
784.30,659.80,630.90,567.20,unripe
783.80,659.00,631.20,568.80,unripe
784.80,659.00,629.00,567.40,unripe
784.00,659.70,631.10,567.70,unripe
784.30,655.00,622.70,561.40,unripe
783.00,658.20,630.10,566.70,unripe
783.40,658.90,631.20,568.40,unripe
784.60,659.40,630.30,567.50,unripe
785.00,661.90,634.20,570.50,unripe
784.40,658.00,628.00,562.00,unripe
780.40,650.70,620.10,555.80,unripe
776.40,647.90,622.20,558.20,unripe
779.60,653.50,623.80,560.40,unripe
781.40,656.00,627.40,564.20,unripe
782.60,657.40,628.70,565.80,unripe
783.40,657.20,627.30,563.00,unripe
782.20,655.70,626.30,561.10,unripe
778.20,651.60,627.00,564.10,unripe
779.00,647.30,615.90,550.90,unripe
776.80,650.10,622.60,560.00,unripe
782.20,658.30,630.20,568.40,unripe
784.70,660.40,632.20,569.70,unripe
785.40,661.70,633.40,571.10,unripe
785.80,660.50,629.10,560.60,unripe
781.30,656.50,628.30,564.80,unripe
782.60,656.10,625.90,561.50,unripe
780.80,653.60,623.50,560.40,unripe
781.20,654.30,624.30,561.70,unripe
782.50,657.40,628.20,548.80,unripe
675.40,343.70,252.40,135.20,unripe
560.00,312.90,239.30,115.30,unripe
544.30,303.60,229.90,114.30,unripe
572.20,490.50,504.40,502.90,unripe
752.10,630.00,604.70,536.70,unripe
762.40,630.50,601.10,541.60,unripe
774.80,650.00,626.50,572.90,unripe
790.60,674.20,644.70,583.00,unripe
793.60,677.10,642.10,573.00,unripe
767.90,629.70,597.60,547.60,unripe
778.50,650.50,619.10,557.70,unripe
778.90,647.70,612.50,544.30,unripe
770.30,639.20,611.00,549.00,unripe
775.40,650.10,613.70,541.80,unripe
771.30,659.70,646.90,595.60,unripe
800.30,685.40,664.50,609.00,unripe
803.10,672.30,642.40,568.90,unripe
749.10,536.60,477.20,430.60,unripe
698.60,558.80,615.80,553.20,unripe
775.90,650.10,621.10,556.50,unripe
776.20,646.30,617.00,551.30,unripe
775.50,648.00,617.50,552.60,unripe
779.70,659.50,631.80,567.80,unripe
781.60,656.40,626.70,556.10,unripe
780.10,658.90,625.20,562.80,unripe
780.20,650.40,621.20,556.40,unripe
779.40,657.60,623.30,555.40,unripe
773.40,640.70,591.90,481.90,unripe
732.70,587.70,594.40,555.30,unripe
779.00,656.10,631.80,571.10,unripe
786.10,663.60,635.30,570.80,unripe
728.90,535.00,492.20,406.70,unripe
704.60,546.10,529.60,458.60,unripe
745.80,651.60,629.90,567.70,unripe
768.00,623.30,606.00,537.10,unripe
736.90,571.60,485.30,420.70,unripe
610.20,321.50,483.30,494.90,unripe
757.80,370.10,196.40,50.50,unripe
506.10,245.80,407.30,528.40,unripe
779.40,675.10,656.00,597.40,unripe
796.30,679.50,656.00,600.80,unripe
799.00,681.70,653.60,592.70,unripe
793.70,657.10,567.60,562.70,unripe
786.90,614.90,635.30,584.20,unripe
786.00,669.80,608.50,511.90,unripe
708.00,444.00,247.80,86.30,unripe
498.80,217.40,131.00,11.20,unripe
457.50,210.60,129.10,11.00,unripe
449.50,208.70,129.20,11.00,unripe
445.70,208.00,129.00,11.30,unripe
443.60,207.60,128.90,10.80,unripe
442.20,207.40,128.40,10.70,unripe
441.40,207.30,128.50,10.70,unripe
440.70,207.40,128.70,10.90,unripe
440.50,207.30,128.30,10.50,unripe
440.20,207.10,128.60,10.80,unripe
439.90,207.20,128.70,10.90,unripe
439.40,207.50,129.00,10.90,unripe
439.70,207.50,128.90,11.00,unripe
439.70,207.50,128.80,10.60,unripe
445.50,341.40,485.70,546.80,unripe
772.30,627.90,664.10,606.80,unripe
802.30,698.80,674.50,618.20,unripe
806.50,708.90,681.90,614.30,unripe
807.70,690.80,654.20,579.00,unripe
782.40,653.70,621.00,552.10,unripe
742.30,629.60,599.80,523.90,unripe
760.90,630.50,610.00,541.20,unripe
768.40,638.40,609.80,546.00,unripe
775.00,643.60,620.90,558.50,unripe
781.90,660.40,632.60,570.30,unripe
785.40,661.00,632.20,566.80,unripe
783.60,660.30,634.30,571.80,unripe
786.10,662.10,633.50,570.90,unripe
785.30,659.30,630.90,564.60,unripe
785.10,662.30,634.50,572.50,unripe
787.00,654.70,619.30,552.50,unripe
740.10,551.40,448.90,431.00,unripe
759.00,541.40,448.60,363.20,unripe
725.50,599.40,584.80,521.40,unripe
741.90,487.90,422.90,248.40,unripe
657.10,522.20,504.50,420.30,unripe
692.50,469.10,388.70,232.90,unripe
628.70,544.00,570.90,523.30,unripe
801.70,690.70,664.90,606.30,unripe
804.60,692.60,665.60,606.60,unripe
804.80,692.20,665.30,606.40,unripe
805.00,691.60,664.60,605.50,unripe
804.70,691.70,664.70,605.50,unripe
804.60,691.60,665.50,607.80,unripe
805.10,691.80,664.70,605.30,unripe
804.80,691.70,665.00,605.80,unripe
805.00,691.80,664.80,605.80,unripe
804.90,691.80,664.90,605.50,unripe
804.70,691.60,664.90,605.90,unripe
804.80,691.60,664.40,605.00,unripe
804.80,691.70,664.20,597.90,unripe
786.80,677.50,668.70,630.40,unripe
816.60,710.60,690.80,636.50,unripe
821.10,713.10,686.40,626.30,unripe
815.30,709.40,685.70,626.30,unripe
812.00,700.80,672.20,611.10,unripe
809.10,699.10,674.20,617.30,unripe
810.50,700.30,674.10,621.50,unripe
797.20,682.40,656.60,589.00,unripe
810.50,700.80,675.40,618.80,unripe
811.60,702.90,681.00,385.50,unripe
736.40,636.70,582.60,606.00,unripe
814.50,710.90,686.80,631.70,unripe
818.10,712.60,687.50,632.20,unripe
818.60,712.60,687.50,632.20,unripe
818.60,713.00,688.60,634.20,unripe
819.70,714.30,688.80,633.30,unripe
819.10,713.30,688.20,633.20,unripe
819.40,713.70,688.30,633.30,unripe
819.40,712.60,679.30,589.90,unripe
781.80,604.10,520.10,376.70,unripe
671.10,498.00,545.90,547.10,unripe
777.50,696.20,677.50,625.00,unripe
814.60,708.00,682.90,627.10,unripe
815.80,709.60,684.90,629.10,unripe
817.70,712.50,688.50,634.00,unripe
820.10,715.40,690.60,635.80,unripe
820.80,715.50,690.40,635.40,unripe
820.50,715.60,691.30,636.50,unripe
821.10,716.10,690.00,635.70,unripe
821.00,716.40,682.60,619.90,unripe
820.80,717.90,696.00,643.20,unripe
824.80,718.60,691.80,634.40,unripe
819.60,697.90,679.00,633.00,unripe
820.50,716.30,693.50,642.00,unripe
823.90,719.90,692.80,636.30,unripe
814.80,683.30,645.10,576.20,unripe
778.60,594.30,426.80,189.60,unripe
573.40,433.70,518.40,551.80,unripe
787.20,681.80,657.10,579.70,unripe
777.40,652.00,622.90,560.60,unripe
781.10,661.90,634.10,564.10,unripe
775.60,651.00,620.30,555.30,unripe
777.00,653.90,623.70,556.70,unripe
778.00,655.10,626.40,564.30,unripe
787.00,702.90,682.60,626.90,unripe
815.80,709.10,684.40,627.80,unripe
816.10,709.40,684.20,627.90,unripe
814.90,707.20,681.50,625.00,unripe
814.30,707.20,681.70,625.00,unripe
812.80,704.80,678.50,620.10,unripe
811.50,704.50,680.00,627.00,unripe
817.40,713.20,688.90,633.60,unripe
818.70,713.60,689.30,632.80,unripe
818.70,712.40,686.40,632.00,unripe
818.70,713.70,688.50,632.90,unripe
817.90,711.40,686.90,632.90,unripe
818.60,712.80,687.30,631.40,unripe
817.40,711.20,686.10,630.90,unripe
817.50,711.00,686.40,630.70,unripe
817.10,710.80,685.50,629.40,unripe
816.10,709.50,685.10,629.60,unripe
816.60,710.10,685.20,629.50,unripe
816.60,710.80,685.60,628.70,unripe
816.30,709.80,684.80,630.00,unripe
816.20,709.30,685.10,630.40,unripe
811.40,708.20,680.60,623.10,unripe
812.20,703.60,678.00,620.40,unripe
810.80,702.10,677.00,620.60,unripe
813.60,711.80,688.00,634.30,unripe
820.20,715.90,690.80,636.00,unripe
822.40,720.80,697.00,640.80,unripe
820.80,714.30,686.70,599.00,unripe
794.00,675.90,648.20,595.10,unripe
800.90,688.90,661.30,598.60,unripe
794.70,674.10,649.60,596.00,unripe
801.90,690.30,662.70,604.70,unripe
802.90,691.40,666.20,607.70,unripe
803.80,692.80,667.70,610.40,unripe
806.10,695.30,670.30,612.50,unripe
806.50,698.10,669.50,612.40,unripe
807.40,699.20,673.50,618.10,unripe
810.00,701.70,675.60,615.10,unripe
807.60,698.50,672.60,614.60,unripe
807.00,695.20,666.00,591.30,unripe
749.60,592.60,552.30,472.60,unripe
730.50,580.90,542.90,465.20,unripe
728.90,582.10,537.90,458.00,unripe
727.70,580.80,543.20,458.70,unripe
720.80,567.50,530.60,454.70,unripe
720.50,570.40,532.00,451.70,unripe
719.10,566.10,527.80,447.60,unripe
716.70,567.50,530.00,450.20,unripe
718.80,567.40,528.80,448.70,unripe
718.80,567.40,529.90,448.90,unripe
718.20,567.00,528.40,447.00,unripe
718.00,567.20,529.50,449.20,unripe
718.80,568.00,531.00,451.00,unripe
721.40,574.80,538.90,460.30,unripe
723.70,570.00,530.70,450.40,unripe
720.30,570.70,534.20,458.30,unripe
724.70,575.70,537.00,457.60,unripe
723.60,574.40,538.30,460.60,unripe
723.50,574.90,537.20,457.40,unripe
722.50,571.60,533.10,453.30,unripe
722.90,574.40,536.90,457.60,unripe
723.40,575.20,536.80,456.20,unripe
722.30,579.70,554.90,529.20,unripe
798.30,702.00,678.30,621.00,unripe
812.40,704.60,676.60,618.50,unripe
808.60,700.70,675.60,618.40,unripe
810.40,703.50,679.40,622.90,unripe
811.20,701.00,677.00,622.90,unripe
809.10,700.10,678.70,623.80,unripe
807.50,695.00,665.40,607.50,unripe
805.80,696.30,670.30,612.20,unripe
809.40,703.80,676.40,616.00,unripe
807.70,696.00,666.30,608.00,unripe
805.90,695.00,668.00,610.60,unripe
805.10,692.30,665.10,604.90,unripe
801.60,689.20,662.30,605.80,unripe
809.90,704.70,680.40,621.40,unripe
814.20,683.80,646.80,563.40,unripe
760.40,653.00,644.70,616.80,unripe
809.60,697.90,669.70,611.00,unripe
805.80,696.20,672.00,614.80,unripe
808.60,702.20,679.60,626.70,unripe
815.10,706.40,677.00,621.00,unripe
814.20,709.00,684.80,629.60,unripe
816.50,709.60,683.50,628.50,unripe
815.60,710.00,685.20,630.20,unripe
811.50,699.80,672.40,616.20,unripe
807.70,697.90,672.20,611.30,unripe
802.50,687.30,660.40,603.50,unripe
802.40,688.80,660.40,602.40,unripe
801.40,690.20,663.30,604.70,unripe
801.70,688.20,656.30,595.60,unripe
802.30,705.60,681.00,622.50,unripe
814.60,711.20,687.80,633.70,unripe
817.60,712.30,687.30,632.40,unripe
817.50,711.30,686.00,630.30,unripe
815.90,710.00,685.20,631.50,unripe
817.70,712.70,688.20,634.40,unripe
818.40,713.00,688.30,633.80,unripe
818.50,711.20,681.90,623.00,unripe
801.70,686.30,665.10,619.40,unripe
817.20,718.00,695.90,642.80,unripe
823.90,721.40,697.70,644.90,unripe
824.00,720.70,696.40,643.10,unripe
823.40,713.40,681.80,640.30,unripe
822.10,718.50,694.20,640.40,unripe
821.90,717.60,693.30,639.70,unripe
821.60,716.60,693.90,643.10,unripe
823.70,720.70,697.10,644.20,unripe
823.90,720.60,696.60,643.40,unripe
823.70,720.60,696.50,643.40,unripe
823.30,719.80,695.60,641.60,unripe
821.40,714.90,693.00,641.60,unripe
823.70,720.80,696.20,569.30,unripe
804.20,717.70,696.10,643.20,unripe
823.30,719.90,695.90,642.40,unripe
823.50,720.50,696.40,643.40,unripe
823.60,720.20,697.00,644.00,unripe
823.80,720.90,697.00,643.90,unripe
823.90,720.90,696.70,643.40,unripe
823.50,720.10,696.50,643.70,unripe
823.40,720.10,696.30,643.30,unripe
823.20,720.20,696.40,643.40,unripe
823.40,720.90,697.20,644.30,unripe
823.80,720.10,695.10,642.10,unripe
822.40,719.10,695.80,643.60,unripe
823.50,720.60,696.70,643.90,unripe
823.70,720.60,696.80,643.70,unripe
823.70,720.90,696.80,642.50,unripe
823.60,720.40,696.00,639.20,unripe
816.70,708.90,683.40,629.20,unripe
816.40,712.10,687.40,633.70,unripe
814.10,698.30,669.00,605.00,unripe
789.20,658.80,622.80,558.00,unripe
774.40,648.00,619.00,560.60,unripe
772.20,656.50,623.30,553.30,unripe
767.90,640.20,634.60,561.00,unripe
777.00,656.50,628.20,564.70,unripe
779.20,654.30,622.00,556.60,unripe
766.00,635.70,622.40,570.10,unripe
789.70,674.60,648.70,589.90,unripe
793.80,677.80,650.10,589.80,unripe
793.80,677.40,649.60,589.60,unripe
793.70,676.70,649.20,589.40,unripe
793.30,676.70,648.60,588.10,unripe
792.70,676.00,649.70,590.70,unripe
794.50,678.60,650.30,589.50,unripe
793.00,671.60,647.40,588.40,unripe
496.10,272.10,265.40,248.80,ripe
522.10,286.90,274.60,254.30,ripe
528.60,288.30,274.60,254.10,ripe
531.20,288.80,274.90,252.60,ripe
531.70,287.70,273.70,253.00,ripe
534.30,292.20,278.60,256.70,ripe
535.60,291.50,277.20,254.90,ripe
535.00,290.50,277.00,254.80,ripe
535.40,290.90,276.80,254.90,ripe
535.90,291.10,277.00,254.90,ripe
536.10,291.40,277.60,255.10,ripe
536.30,291.10,276.80,254.90,ripe
536.30,291.40,277.80,255.40,ripe
536.60,290.90,277.10,254.80,ripe
536.40,290.80,276.50,255.00,ripe
536.70,291.20,277.30,254.60,ripe
536.60,291.30,277.20,255.10,ripe
536.60,290.80,276.20,254.30,ripe
536.80,291.80,278.00,256.10,ripe
537.60,291.90,274.90,244.60,ripe
530.50,281.30,266.90,246.20,ripe
531.20,281.50,269.20,249.60,ripe
533.10,284.30,266.80,242.60,ripe
527.30,277.10,264.50,243.20,ripe
530.80,284.90,272.00,249.30,ripe
535.40,290.60,276.70,254.80,ripe
536.60,291.40,277.30,254.50,ripe
537.10,294.20,279.50,256.90,ripe
537.60,292.10,277.10,255.20,ripe
536.80,290.10,276.60,254.70,ripe
538.10,292.80,278.90,255.70,ripe
538.00,292.30,277.30,254.50,ripe
537.90,293.50,279.90,257.80,ripe
539.90,296.80,284.00,259.90,ripe
540.50,297.80,282.30,260.80,ripe
541.20,296.00,280.10,255.70,ripe
538.80,293.70,282.10,262.40,ripe
542.20,299.30,285.30,254.20,ripe
520.80,249.60,202.70,174.90,ripe
478.70,197.80,175.00,153.70,ripe
471.00,199.00,180.60,159.20,ripe
471.80,200.80,163.40,116.90,ripe
441.30,174.30,190.40,215.10,ripe
521.80,285.70,275.50,253.30,ripe
528.30,274.40,256.50,234.30,ripe
521.20,269.20,253.30,233.10,ripe
523.30,274.10,259.30,239.20,ripe
527.00,275.40,252.80,224.90,ripe
510.20,262.40,252.10,235.30,ripe
523.30,278.10,261.80,245.20,ripe
527.00,284.50,280.10,264.30,ripe
544.70,311.40,299.90,278.30,ripe
526.80,262.70,242.70,225.40,ripe
534.60,305.40,294.50,265.20,ripe
556.10,331.30,316.50,294.90,ripe
536.60,253.10,220.30,270.80,ripe
557.20,333.90,320.70,300.90,ripe
563.50,333.90,321.50,300.10,ripe
563.60,333.30,321.30,300.70,ripe
564.40,333.80,321.10,300.60,ripe
564.20,331.90,297.80,238.10,ripe
513.50,241.60,237.10,248.50,ripe
540.00,307.70,303.70,284.80,ripe
555.20,323.90,308.40,274.50,ripe
534.50,287.30,279.20,244.90,ripe
520.50,256.40,237.60,230.30,ripe
530.80,306.70,306.00,299.40,ripe
569.10,345.10,338.00,315.20,ripe
556.60,304.90,290.50,276.50,ripe
553.10,317.80,258.80,138.30,ripe
447.20,148.20,124.90,80.40,ripe
413.00,121.70,99.90,75.80,ripe
409.80,126.70,104.10,81.90,ripe
411.40,131.20,108.80,83.40,ripe
410.30,131.00,109.30,84.10,ripe
411.90,140.20,124.70,96.80,ripe
420.70,149.30,127.30,102.30,ripe
422.10,148.10,127.80,104.30,ripe
423.50,146.80,122.70,93.70,ripe
415.60,137.00,123.70,112.30,ripe
429.70,154.30,126.10,97.40,ripe
420.20,138.30,115.20,230.10,ripe
521.40,303.60,293.00,272.00,ripe
543.10,317.30,306.30,279.30,ripe
544.80,314.70,285.60,160.80,ripe
475.40,187.90,187.60,104.30,ripe
383.50,65.60,32.80,8.20,ripe
335.90,59.60,31.40,7.90,ripe
325.30,56.60,30.40,7.70,ripe
320.70,56.20,29.60,7.30,ripe
317.50,55.80,29.70,7.40,ripe
315.40,55.50,30.10,7.80,ripe
313.90,55.50,30.10,6.90,ripe
312.20,54.60,28.70,7.20,ripe
310.40,54.30,29.50,7.20,ripe
310.60,55.00,29.80,7.60,ripe
310.50,54.90,29.30,7.70,ripe
310.10,54.80,29.70,7.00,ripe
309.60,55.10,30.00,7.20,ripe
308.80,54.20,30.00,6.90,ripe
308.90,54.30,29.90,7.10,ripe
309.00,54.40,28.80,7.60,ripe
308.40,54.90,29.70,7.20,ripe
308.50,54.50,30.00,7.20,ripe
308.50,54.70,29.30,7.50,ripe
308.20,54.90,29.30,7.40,ripe
308.20,54.60,29.40,7.20,ripe
307.80,54.20,29.40,7.30,ripe
307.40,54.30,29.80,7.20,ripe
308.10,54.70,29.10,7.10,ripe
307.50,54.10,28.50,7.30,ripe
307.50,54.30,29.60,6.60,ripe
307.20,54.60,30.30,32.60,ripe
450.50,278.90,294.00,287.40,ripe
536.60,326.30,319.00,300.90,ripe
544.30,311.60,286.90,256.50,ripe
525.10,284.50,273.00,255.40,ripe
535.10,303.20,290.60,269.80,ripe
541.30,305.40,290.50,265.50,ripe
538.00,297.00,283.30,260.90,ripe
538.10,298.00,284.50,262.10,ripe
538.50,297.50,283.30,259.90,ripe
537.80,295.40,282.10,259.50,ripe
537.70,296.40,283.10,261.10,ripe
539.70,298.30,285.30,263.70,ripe
541.30,299.50,286.40,265.40,ripe
543.20,303.00,288.30,265.60,ripe
543.40,301.80,287.30,264.30,ripe
542.10,299.80,285.90,263.00,ripe
541.90,297.00,282.20,259.80,ripe
539.90,296.20,282.90,261.40,ripe
542.00,302.00,288.10,266.00,ripe
543.90,302.70,288.90,266.20,ripe
543.30,300.60,286.90,266.20,ripe
545.00,305.40,292.40,273.00,ripe
550.90,314.40,301.90,280.60,ripe
553.80,316.30,303.40,281.70,ripe
554.20,316.60,303.60,281.80,ripe
614.00,373.00,361.30,333.50,ripe
622.60,377.40,364.30,335.10,ripe
625.20,379.20,366.10,336.80,ripe
626.70,380.10,366.80,337.30,ripe
627.80,380.50,366.30,336.50,ripe
627.90,381.10,367.50,337.80,ripe
628.50,381.60,368.00,337.90,ripe
629.20,382.40,368.70,339.80,ripe
630.60,384.80,370.60,340.80,ripe
631.20,385.70,372.00,342.20,ripe
631.30,384.70,370.30,340.90,ripe
631.50,385.70,372.30,342.60,ripe
632.30,386.90,373.20,344.00,ripe
632.90,386.20,372.50,343.20,ripe
632.40,386.60,373.20,343.90,ripe
632.70,387.80,374.20,344.50,ripe
633.10,388.00,374.20,345.20,ripe
633.30,388.00,374.70,345.60,ripe
634.00,389.00,375.10,345.70,ripe
633.60,388.30,375.10,345.90,ripe
634.10,389.40,376.50,347.50,ripe
635.20,391.00,376.60,346.50,ripe
633.90,388.30,374.40,344.70,ripe
633.40,388.30,374.60,345.20,ripe
633.90,388.60,374.60,344.30,ripe
632.70,386.90,373.60,342.20,ripe
631.40,383.40,367.90,337.40,ripe
630.30,382.30,368.70,338.70,ripe
630.30,381.90,368.20,338.40,ripe
629.50,381.20,366.20,333.80,ripe
627.20,378.80,365.00,335.00,ripe
627.80,378.60,365.00,337.20,ripe
630.00,383.80,370.80,341.30,ripe
631.40,381.80,367.90,339.50,ripe
631.40,385.40,371.90,342.50,ripe
632.70,387.60,374.30,344.90,ripe
633.90,388.60,375.50,346.20,ripe
635.00,390.60,377.30,349.60,ripe
636.40,392.50,378.30,348.50,ripe
635.30,390.70,377.10,348.30,ripe
635.40,390.50,376.90,347.50,ripe
635.40,391.20,377.60,348.10,ripe
636.90,393.50,379.60,351.30,ripe
637.40,394.70,381.40,352.50,ripe
637.40,393.90,380.20,350.90,ripe
637.20,393.80,380.60,351.30,ripe
637.30,393.70,380.50,351.10,ripe
637.40,394.10,380.50,351.50,ripe
637.30,394.30,380.80,351.80,ripe
637.60,394.20,381.00,352.10,ripe
637.50,394.60,381.10,351.60,ripe
637.70,394.70,381.60,352.10,ripe
638.10,395.00,381.80,352.30,ripe
638.00,394.60,381.00,351.50,ripe
637.50,394.40,380.40,351.30,ripe
637.10,393.90,380.70,351.40,ripe
637.70,394.50,380.90,351.70,ripe
637.70,394.90,382.00,353.70,ripe
638.70,396.40,383.00,353.90,ripe
638.80,396.40,382.50,353.60,ripe
638.60,396.40,382.90,353.50,ripe
638.70,396.50,382.90,354.20,ripe
639.10,396.70,383.80,354.70,ripe
639.10,397.10,383.40,353.70,ripe
639.10,396.60,383.30,354.20,ripe
639.00,396.60,383.40,354.00,ripe
639.00,397.20,384.00,354.70,ripe
639.40,397.60,384.00,355.10,ripe
639.60,398.20,385.10,355.80,ripe
639.90,398.10,384.60,355.30,ripe
639.80,398.20,384.60,355.70,ripe
639.60,397.70,384.40,355.40,ripe
639.80,397.80,384.60,355.80,ripe
640.10,398.40,385.40,356.00,ripe
640.20,398.30,384.90,356.20,ripe
640.40,398.50,385.00,355.60,ripe
640.10,398.50,385.40,356.50,ripe
640.30,399.40,385.70,356.80,ripe
640.40,399.10,386.10,357.60,ripe
640.60,399.10,386.00,357.10,ripe
640.70,399.80,386.00,356.40,ripe
640.40,399.00,385.80,356.70,ripe
640.50,399.60,386.40,357.20,ripe
640.60,399.40,385.50,356.60,ripe
640.20,399.30,386.30,356.80,ripe
640.50,399.60,385.80,357.40,ripe
640.90,399.80,386.50,357.20,ripe
640.90,400.40,386.80,357.90,ripe
641.20,400.40,387.30,358.20,ripe
641.20,400.40,387.50,358.50,ripe
641.50,400.40,387.60,358.70,ripe
641.80,401.20,387.80,358.60,ripe
641.60,400.90,387.80,358.90,ripe
641.40,401.00,387.60,358.90,ripe
641.60,401.10,387.60,358.60,ripe
641.60,401.00,388.00,358.70,ripe
641.30,401.00,387.70,358.70,ripe
641.60,400.30,387.20,358.20,ripe
641.40,400.90,388.00,358.90,ripe
641.90,401.30,388.10,359.10,ripe
642.00,401.40,388.20,359.60,ripe
642.20,401.20,387.90,358.60,ripe
641.00,397.70,382.20,349.50,ripe
629.00,370.80,346.30,304.90,ripe
608.70,338.70,323.80,289.60,ripe
592.90,339.80,328.30,304.20,ripe
603.10,360.30,347.90,330.20,ripe
620.40,391.00,379.80,352.50,ripe
626.30,394.50,382.00,354.50,ripe
628.10,397.30,384.70,356.80,ripe
629.20,397.20,384.30,356.60,ripe
628.90,397.20,384.20,356.90,ripe
629.50,398.20,384.90,357.40,ripe
629.30,397.80,384.60,356.20,ripe
628.20,395.50,382.00,354.00,ripe
627.40,394.30,381.40,353.70,ripe
627.00,394.90,382.10,354.10,ripe
627.40,394.80,381.80,354.60,ripe
627.70,394.60,381.90,354.10,ripe
627.80,395.40,382.40,354.30,ripe
628.00,395.70,382.70,355.10,ripe
628.40,396.00,382.80,355.10,ripe
628.50,396.10,382.90,355.20,ripe
628.50,396.30,383.30,355.50,ripe
628.40,396.20,383.80,356.00,ripe
628.90,396.70,383.90,356.00,ripe
628.90,397.10,383.80,356.50,ripe
628.80,396.20,383.30,355.20,ripe
628.60,396.30,383.40,356.90,ripe
629.50,398.00,385.30,358.10,ripe
630.20,398.50,385.30,358.10,ripe
630.20,398.70,386.00,358.50,ripe
630.40,398.70,385.90,358.50,ripe
630.30,399.10,386.20,358.60,ripe
630.40,399.50,386.50,358.90,ripe
630.40,399.10,386.50,359.60,ripe
631.10,400.40,387.50,360.30,ripe
631.30,400.60,387.70,359.80,ripe
630.50,398.10,384.50,356.70,ripe
629.30,397.30,384.20,356.10,ripe
628.80,396.20,383.20,355.10,ripe
628.70,396.70,383.50,355.80,ripe
628.70,396.70,383.70,356.10,ripe
629.20,396.80,383.60,355.90,ripe
629.10,397.00,383.60,355.90,ripe
628.60,396.40,383.30,355.20,ripe
628.60,396.60,383.90,356.60,ripe
629.20,397.70,384.90,357.10,ripe
629.70,397.90,384.50,356.70,ripe
629.20,397.00,384.40,356.70,ripe
629.30,397.20,383.70,355.20,ripe
627.50,393.30,379.30,350.80,ripe
625.40,390.50,378.50,352.90,ripe
628.60,398.20,385.30,357.70,ripe
629.30,398.00,385.20,357.70,ripe
630.20,398.70,385.40,358.30,ripe
630.40,399.20,385.90,358.40,ripe
629.70,399.00,386.00,358.00,ripe
629.20,355.90,282.20,248.00,ripe
588.10,364.90,368.50,370.40,ripe
638.90,420.20,411.00,385.50,ripe
645.60,425.40,414.20,388.30,ripe
647.60,427.10,415.50,389.20,ripe
648.40,427.20,415.60,389.30,ripe
648.70,427.40,415.60,389.30,ripe
647.00,425.90,414.80,388.30,ripe
647.40,426.30,414.80,388.40,ripe
648.60,427.30,415.80,389.50,ripe
648.60,426.10,413.90,387.10,ripe
647.60,425.80,414.20,387.30,ripe
647.50,425.10,413.20,386.20,ripe
647.30,425.10,413.30,386.90,ripe
647.70,425.70,413.80,386.60,ripe
647.40,424.90,413.30,386.50,ripe
647.40,425.00,413.90,387.50,ripe
647.70,425.90,414.10,387.20,ripe
647.90,425.80,413.70,387.40,ripe
647.80,425.30,413.20,386.20,ripe
647.00,424.00,412.40,386.10,ripe
646.90,423.90,411.60,384.00,ripe
646.00,423.60,412.90,387.20,ripe
647.80,425.70,414.20,387.70,ripe
647.50,425.10,413.40,386.80,ripe
647.90,426.20,413.40,386.90,ripe
645.60,420.60,409.70,383.50,ripe
646.30,423.50,410.70,382.80,ripe
645.90,425.90,416.10,390.10,ripe
649.10,428.80,417.60,391.30,ripe
650.10,430.00,418.50,392.40,ripe
650.00,429.50,418.20,391.30,ripe
649.60,428.40,414.50,383.80,ripe
645.00,422.00,408.90,379.90,ripe
645.10,422.30,410.20,376.50,ripe
647.30,432.50,423.10,397.10,ripe
652.50,433.50,422.00,396.00,ripe
652.80,434.30,422.60,395.80,ripe
654.70,440.00,429.50,403.80,ripe
656.90,440.70,429.60,403.50,ripe
656.90,440.60,429.60,403.80,ripe
657.20,441.00,429.80,403.80,ripe
656.90,440.20,429.30,403.40,ripe
656.50,437.40,425.40,398.40,ripe
652.30,430.20,416.20,387.70,ripe
645.60,416.10,396.00,366.90,ripe
636.20,407.30,395.60,368.40,ripe
636.40,407.70,395.00,366.70,ripe
636.00,408.00,394.00,366.60,ripe
633.40,403.40,391.50,364.50,ripe
634.80,405.70,393.00,365.50,ripe
634.40,405.60,393.00,365.50,ripe
634.40,405.80,393.60,366.30,ripe
635.30,407.10,394.70,367.50,ripe
635.50,406.50,394.90,366.80,ripe
635.30,406.90,394.30,367.30,ripe
635.70,407.50,395.10,367.60,ripe
635.70,407.20,394.80,368.00,ripe
636.20,407.50,394.90,367.50,ripe
636.20,408.50,395.40,367.40,ripe
635.60,407.40,395.40,368.10,ripe
635.90,407.80,394.90,367.40,ripe
636.90,407.80,394.70,366.90,ripe
636.20,411.30,400.70,370.70,ripe
639.10,416.80,411.80,388.00,ripe
647.20,426.80,415.90,389.00,ripe
648.40,428.20,416.20,389.60,ripe
648.70,428.00,416.30,389.80,ripe
648.90,428.00,416.60,389.80,ripe
648.90,427.90,415.80,389.30,ripe
648.30,426.80,413.10,384.20,ripe
644.80,421.20,412.60,388.00,ripe
648.50,427.80,416.10,389.50,ripe
648.80,428.10,416.00,388.90,ripe
648.80,427.70,416.20,389.20,ripe
648.80,427.30,415.40,389.20,ripe
648.10,427.20,414.70,388.40,ripe
646.90,419.80,409.70,386.90,ripe
648.00,428.20,415.90,389.40,ripe
649.40,429.50,418.10,390.90,ripe
649.40,428.20,416.20,389.30,ripe
648.30,427.70,416.30,389.00,ripe
648.70,428.70,417.00,390.80,ripe
649.60,429.20,414.80,386.10,ripe
646.50,425.90,415.60,389.70,ripe
647.60,426.70,415.00,388.70,ripe
647.50,426.40,414.80,387.70,ripe
647.60,427.00,415.40,388.60,ripe
647.80,427.20,415.50,388.10,ripe
645.10,420.10,411.00,386.60,ripe
646.20,425.50,414.10,387.20,ripe
646.90,425.70,414.80,387.60,ripe
646.00,425.10,412.10,384.10,ripe
640.00,412.80,403.90,374.20,ripe
605.40,278.30,356.30,367.70,ripe
637.40,417.00,406.60,380.70,ripe
641.90,419.20,406.80,380.40,ripe
642.30,419.20,407.90,381.00,ripe
642.60,419.40,407.30,380.30,ripe
642.60,418.90,407.60,380.50,ripe
642.70,418.70,406.80,379.90,ripe
642.30,418.20,406.40,379.30,ripe
642.20,418.80,407.80,380.80,ripe
642.90,419.20,407.80,380.60,ripe
643.00,419.30,408.00,380.90,ripe
642.50,419.30,407.70,380.40,ripe
642.30,419.40,407.50,381.00,ripe
642.30,420.20,407.60,380.60,ripe
642.70,418.90,407.40,380.50,ripe
642.70,418.40,406.30,378.80,ripe
642.10,419.10,406.90,379.70,ripe
642.60,419.80,407.60,379.80,ripe
642.60,419.50,408.40,381.10,ripe
643.40,420.50,408.10,379.00,ripe
641.30,416.60,405.00,386.70,ripe
674.90,482.10,461.10,428.60,ripe
670.10,459.40,448.20,421.80,ripe
664.60,442.00,412.10,376.80,ripe
643.90,412.50,402.40,348.10,ripe
591.40,310.20,292.10,259.90,ripe
572.00,304.80,292.50,266.00,ripe
574.70,313.10,294.10,258.60,ripe
560.40,273.90,240.80,197.20,ripe
525.10,232.10,208.80,174.60,ripe
520.00,229.60,211.60,178.20,ripe
525.40,236.90,219.20,185.20,ripe
529.70,239.30,236.80,220.50,ripe
555.30,293.90,287.00,267.30,ripe
580.20,321.70,304.10,265.70,ripe
574.00,305.80,294.20,271.00,ripe
582.10,323.40,305.80,270.30,ripe
576.60,312.60,296.50,265.70,ripe
573.90,311.00,296.00,266.80,ripe
573.20,313.10,297.80,268.60,ripe
573.00,314.00,298.70,268.70,ripe
573.00,314.20,299.30,268.10,ripe
554.30,276.20,255.10,219.00,ripe
542.30,290.00,319.90,308.00,ripe
605.30,389.10,404.10,394.70,ripe
648.80,442.20,429.70,396.90,ripe
639.70,406.20,383.60,349.20,ripe
619.00,375.00,365.60,338.00,ripe
616.40,377.30,366.80,342.70,ripe
619.80,388.10,379.60,354.70,ripe
625.70,392.80,380.80,355.20,ripe
626.30,393.10,381.70,356.20,ripe
442.50,159.30,143.80,90.60,ripe
478.00,174.00,156.80,109.90,ripe
494.80,193.90,173.70,115.00,ripe
499.30,193.60,173.70,115.10,ripe
503.40,196.60,175.10,116.30,ripe
505.40,197.80,176.20,111.90,ripe
491.60,145.90,117.00,55.50,ripe
480.60,151.80,120.70,52.80,ripe
465.00,152.20,119.40,52.20,ripe
437.50,148.60,116.40,51.90,ripe
472.40,132.10,104.70,57.80,ripe
430.10,119.70,101.80,63.70,ripe
438.80,125.70,106.90,62.50,ripe
459.00,130.40,108.80,58.30,ripe
476.60,143.80,118.20,57.00,ripe
482.50,149.20,120.30,56.90,ripe
470.90,142.60,117.40,62.10,ripe
465.90,141.30,115.10,60.20,ripe
464.80,132.00,113.10,54.40,ripe
474.80,153.70,122.70,55.40,ripe
470.60,144.90,133.20,101.90,ripe
500.60,210.60,192.40,134.00,ripe
506.20,251.30,270.60,240.40,ripe
548.20,324.30,314.10,269.60,ripe
557.40,324.90,313.20,279.00,ripe
562.80,336.80,307.50,218.00,ripe
540.70,299.20,251.30,124.10,ripe
484.90,165.50,152.00,160.50,ripe
523.10,277.90,260.40,205.80,ripe
536.10,296.00,279.40,222.60,ripe
538.60,297.30,279.10,222.80,ripe
536.10,293.90,276.20,219.70,ripe
538.80,296.80,279.30,222.70,ripe
540.10,295.00,279.10,222.10,ripe
539.60,296.50,276.50,218.30,ripe
539.10,296.00,277.90,220.90,ripe
539.30,294.10,273.30,219.20,ripe
537.80,283.40,249.30,182.40,ripe
531.80,290.00,274.20,218.80,ripe
538.20,293.60,274.70,215.90,ripe
537.20,290.70,269.30,213.20,ripe
538.40,293.60,274.70,217.20,ripe
537.70,292.10,273.00,214.50,ripe
536.50,289.70,270.90,214.40,ripe
537.10,291.00,273.00,212.20,ripe
534.10,282.80,262.60,204.10,ripe
532.50,282.20,264.30,200.70,ripe
528.10,239.10,289.70,247.80,ripe
565.20,308.20,297.50,248.60,ripe
568.60,309.80,295.00,246.60,ripe
569.40,318.20,306.20,256.50,ripe
571.20,315.90,301.30,251.50,ripe
570.10,312.90,299.30,249.80,ripe
569.60,312.80,299.50,249.60,ripe
569.70,313.20,299.40,249.60,ripe
569.10,309.60,293.00,240.80,ripe
566.30,303.20,290.00,241.80,ripe
566.20,305.90,292.10,241.50,ripe
566.20,304.70,290.30,238.70,ripe
564.80,303.20,288.30,239.20,ripe
565.70,304.70,290.10,240.00,ripe
565.40,304.40,290.90,242.10,ripe
566.30,306.10,292.40,242.20,ripe
566.10,306.40,293.00,242.80,ripe
566.60,306.20,291.50,241.10,ripe
565.60,305.00,290.20,241.70,ripe
566.80,307.80,293.90,244.60,ripe
567.20,308.80,295.10,245.70,ripe
567.60,309.40,296.40,246.80,ripe
567.90,308.30,291.80,240.90,ripe
565.60,304.90,291.80,242.10,ripe
565.40,304.70,290.70,239.90,ripe
565.50,304.60,290.50,240.30,ripe
565.10,304.20,290.20,240.70,ripe
565.30,304.70,292.40,241.30,ripe
566.40,307.70,295.00,246.30,ripe
566.90,309.40,295.10,243.60,ripe
566.50,307.20,293.00,241.70,ripe
565.80,307.30,293.20,243.70,ripe
565.90,306.50,293.40,243.80,ripe
566.40,307.40,293.60,243.70,ripe
566.20,306.40,293.40,244.60,ripe
567.90,314.50,303.40,243.80,ripe
563.30,308.80,307.70,260.10,ripe
571.70,320.90,307.10,256.90,ripe
570.70,317.10,303.50,253.70,ripe
569.50,315.90,302.50,253.90,ripe
570.60,316.00,303.60,254.20,ripe
570.20,316.30,302.50,252.90,ripe
566.20,271.60,212.30,137.50,ripe
530.00,242.20,251.80,207.60,ripe
553.30,287.30,295.90,253.20,ripe
568.40,318.10,305.70,255.40,ripe
569.40,315.40,303.60,254.90,ripe
569.80,317.10,304.00,255.20,ripe
570.10,317.20,303.90,255.70,ripe
570.10,316.70,303.20,253.40,ripe
569.00,310.40,292.00,255.00,ripe
570.80,320.70,304.60,248.30,ripe
566.60,310.50,295.80,242.50,ripe
565.40,306.40,294.70,248.50,ripe
567.30,309.80,294.40,244.00,ripe
565.60,307.40,293.80,243.10,ripe
568.40,316.90,304.20,256.30,ripe
569.50,317.40,304.80,256.30,ripe
569.90,317.90,305.00,256.30,ripe
570.70,318.60,304.90,256.80,ripe
570.50,318.10,300.90,244.00,ripe
566.50,316.30,305.30,253.70,ripe
566.80,307.20,209.10,104.80,ripe
513.20,163.90,135.40,69.00,ripe
408.70,145.10,194.60,171.50,ripe
455.70,245.20,232.40,182.80,ripe
462.70,253.80,234.40,173.50,ripe
437.70,188.10,183.20,179.70,ripe
462.50,255.30,212.50,103.20,ripe
439.60,180.80,155.10,99.20,ripe
481.20,165.50,142.80,105.60,ripe
509.80,295.50,292.10,256.00,ripe
542.90,306.10,297.10,259.40,ripe
546.40,309.20,298.80,252.10,ripe
544.50,305.60,289.30,160.70,ripe
495.50,159.90,131.70,85.90,ripe
475.50,143.10,121.50,82.70,ripe
478.80,157.10,324.50,324.20,ripe
562.10,368.10,368.10,343.10,ripe
579.20,378.50,372.90,346.10,ripe
581.60,380.30,373.80,346.00,ripe